legacy_url,recovered_path,disposition,target_url,reason,confidence
http://kotsistravel.gr/index.php/,/index.php/,301,/,Homepage variant; consolidate to the canonical root,high
http://kotsistravel.gr/index.php,/index.php,301,/,Homepage variant; consolidate to the canonical root,high
http://kotsistravel.gr/index.php/2012-03-07-02-54-47/2013-04-05-22-29-01.html,/index.php/2012-03-07-02-54-47/2013-04-05-22-29-01.html,301,/tours/road-trips/,Road tours,high
http://kotsistravel.gr/index.php/2011-11-19-14-23-19.html,/index.php/2011-11-19-14-23-19.html,301,/certifications/,Certifications,high
http://kotsistravel.gr/index.php/2011-11-19-14-23-19.html?tmpl=component&print=1&page=,/index.php/2011-11-19-14-23-19.html,410,,Print view of an article; duplicate of the canonical page,high
http://kotsistravel.gr/index.php/2012-03-07-02-54-47/2013-04-05-22-29-01/301-??????-???-???????.html,/index.php/component/k2/301-μιλανο-απο-κερκυρα.html,MERGE+301,/air-tickets/airlines/,Article 'ΜΙΛΑΝΟ ΑΠΟ ΚΕΡΚΥΡΑ' merged into its cluster hub,high
http://kotsistravel.gr/index.php/2012-03-07-02-54-47/2013-04-05-22-29-01/304-???????????_?????.html,/index.php/2012-03-07-02-54-47/2013-04-05-22-29-01/304-???????????_?????.html,MERGE+301,/air-tickets/,Article 'ΘΕΣΣΑΛΟΝΙΚΗ - ΧΑΝΙΑ' merged into its cluster hub,high
http://kotsistravel.gr/index.php/2012-03-07-02-54-47/2013-04-05-22-29-01/308-?????_?????.html,/index.php/2012-03-07-02-54-47/2013-04-05-22-29-01/308-?????_?????.html,MERGE+301,/air-tickets/,Article 'ΠΑΤΡΑ - ΠΑΦΟΣ' merged into its cluster hub,high
http://kotsistravel.gr/index.php/2012-03-07-02-54-47/2013-04-05-22-29-01/302-???????_???????????_?????????.html,/index.php/component/k2/302-μπλονια_θεσσαλονικη_εισιτηρια.html,MERGE+301,/air-tickets/airlines/,Article 'ΜΠΟΛΟΝΙΑ ΑΠΟ ΘΕΣΣΑΛΟΝΙΚΗ' merged into its cluster hub,high
http://kotsistravel.gr/index.php/2012-03-07-02-54-47/2013-04-05-22-29-01/300-????_??????????_???????.html,/index.php/component/k2/300-ρωμη_αεροδρομιο_κερκυρα.html,MERGE+301,/air-tickets/airlines/,Article 'ΚΕΡΚΥΡΑ - ΡΩΜΗ ΑΠΟ 65€' merged into its cluster hub,high
http://kotsistravel.gr/index.php/2012-03-07-02-54-47/2013-04-05-22-29-01/314-??????_???_?????????.html,/index.php/2012-03-07-02-54-47/2013-04-05-22-29-01/314-??????_???_?????????.html,MERGE+301,/holiday-packages/,Article 'Ελλάδα και Εξωτερικο' merged into its cluster hub,high
http://kotsistravel.gr/index.php/2012-03-07-02-54-47/2013-04-05-22-29-01/309-aegean_airlines.html,/index.php/2012-03-07-02-54-47/2013-04-05-22-29-01/309-aegean_airlines.html,MERGE+301,/air-tickets/airlines/,Article 'Aegean Airlines' merged into its cluster hub,high
http://kotsistravel.gr/index.php/2012-03-07-02-54-47/2013-04-05-22-29-01/315-aegean.html,/index.php/2012-03-07-02-54-47/2013-04-05-22-29-01/315-aegean.html,MERGE+301,/air-tickets/airlines/,Article 'Aegean' merged into its cluster hub,high
http://kotsistravel.gr/index.php/2012-03-07-02-54-47/2013-04-05-22-29-01/331-??????????_???????_2015.html,/index.php/2012-03-07-02-54-47/2013-04-05-22-29-01/331-??????????_???????_2015.html,MERGE+301,/air-tickets/,Article 'Προορισμοί από Κέρκυρα για το 2015' merged into its cluster hub,high
http://kotsistravel.gr/index.php/2012-03-07-02-54-47/2013-04-05-22-29-01/311-??????_???????_??_?????????.html,/index.php/2012-03-07-02-54-47/2013-04-05-22-29-01/311-??????_???????_??_?????????.html,MERGE+301,/air-tickets/,Article 'Βόρεια Αμερική με επιστροφή' merged into its cluster hub,high
http://kotsistravel.gr/index.php/2012-03-07-02-54-47/all-tours/220-????????-????????-8-??????.html,/index.php/2012-03-07-02-54-47/all-tours/220-ελβετικό-πανόραμα-8-ημέρες.html,301,/tours/road-trips/,Road tours,high
http://kotsistravel.gr/index.php/2012-03-07-02-54-47/all-tours/221-?????????????-?????-????-???????????-????-???????.html,/index.php/2012-03-07-02-54-47/all-tours/221-κοσμοπολίτικη-κυανή-ακτή-ανοιξιάτικη-λάκο-ματζορε.html,301,/tours/road-trips/,Road tours,high
http://kotsistravel.gr/index.php/2012-03-07-02-54-47/all-tours.html,/index.php/2012-03-07-02-54-47/all-tours.html,301,/tours/road-trips/,Road tours,high
http://kotsistravel.gr/index.php/2012-03-07-02-54-47/all-tours.html?start=9,/index.php/2012-03-07-02-54-47/all-tours.html,301,/tours/road-trips/,Paginated category view; folds into its hub,high
http://kotsistravel.gr/index.php/2012-03-07-02-54-47/all-tours/219-??????-???????-???????.html,/index.php/2012-03-07-02-54-47/all-tours/219-λίμνες-βορείου-ιταλίας.html,301,/tours/road-trips/,Road tours,high
http://kotsistravel.gr/index.php/2012-03-07-02-54-47/all-tours/300-????_??????????_???????.html,/index.php/component/k2/300-ρωμη_αεροδρομιο_κερκυρα.html,MERGE+301,/air-tickets/airlines/,Article 'ΚΕΡΚΥΡΑ - ΡΩΜΗ ΑΠΟ 65€' merged into its cluster hub,high
http://kotsistravel.gr/index.php/2012-03-07-02-54-47/all-tours/301-??????-???-???????.html,/index.php/component/k2/301-μιλανο-απο-κερκυρα.html,MERGE+301,/air-tickets/airlines/,Article 'ΜΙΛΑΝΟ ΑΠΟ ΚΕΡΚΥΡΑ' merged into its cluster hub,high
http://kotsistravel.gr/index.php/2012-03-07-02-54-47/all-tours/302-???????_???????????_?????????.html,/index.php/component/k2/302-μπλονια_θεσσαλονικη_εισιτηρια.html,MERGE+301,/air-tickets/airlines/,Article 'ΜΠΟΛΟΝΙΑ ΑΠΟ ΘΕΣΣΑΛΟΝΙΚΗ' merged into its cluster hub,high
http://kotsistravel.gr/index.php/2012-03-07-02-54-47/all-tours/308-?????_?????.html,/index.php/2012-03-07-02-54-47/all-tours/308-?????_?????.html,MERGE+301,/air-tickets/,Article 'ΠΑΤΡΑ - ΠΑΦΟΣ' merged into its cluster hub,high
http://kotsistravel.gr/index.php/2012-03-07-02-54-47/all-tours/304-???????????_?????.html,/index.php/2012-03-07-02-54-47/all-tours/304-???????????_?????.html,MERGE+301,/air-tickets/,Article 'ΘΕΣΣΑΛΟΝΙΚΗ - ΧΑΝΙΑ' merged into its cluster hub,high
http://kotsistravel.gr/index.php/2012-03-07-02-54-47/all-tours/310-?????_????????????.html,/index.php/2012-03-07-02-54-47/all-tours/310-?????_????????????.html,301,/tours/road-trips/,Road tours,high
http://kotsistravel.gr/index.php/2012-03-07-02-54-47/all-tours/313-gardaland.html,/index.php/2012-03-07-02-54-47/all-tours/313-gardaland.html,301,/tours/road-trips/,Road tours,high
http://kotsistravel.gr/index.php/2012-03-07-02-54-47/all-tours/311-??????_???????_??_?????????.html,/index.php/2012-03-07-02-54-47/all-tours/311-??????_???????_??_?????????.html,MERGE+301,/air-tickets/,Article 'Βόρεια Αμερική με επιστροφή' merged into its cluster hub,high
http://kotsistravel.gr/index.php/2012-03-07-02-54-47/all-tours/309-aegean_airlines.html,/index.php/2012-03-07-02-54-47/all-tours/309-aegean_airlines.html,MERGE+301,/air-tickets/airlines/,Article 'Aegean Airlines' merged into its cluster hub,high
http://kotsistravel.gr/index.php/2012-03-07-02-54-47/all-tours/312-???????????_?????????_???????.html,/index.php/2012-03-07-02-54-47/k2-information/οδικές-εκδρομές/312-πρωτεύουσες_κεντρικης_ευρωπης.html,MERGE+301,/tours/road-trips/,Article 'Πρωτεύουσες Κεντρικής Ευρώπης' merged into its cluster hub,high
http://kotsistravel.gr/index.php/2012-03-07-02-54-47/all-tours/313-gardaland.html?tmpl=component&print=1,/index.php/2012-03-07-02-54-47/all-tours/313-gardaland.html,410,,Print view of an article; duplicate of the canonical page,high
http://kotsistravel.gr/index.php/2012-03-07-02-54-47/all-tours/314-??????_???_?????????.html,/index.php/2012-03-07-02-54-47/all-tours/314-??????_???_?????????.html,MERGE+301,/holiday-packages/,Article 'Ελλάδα και Εξωτερικο' merged into its cluster hub,high
http://kotsistravel.gr/index.php/2012-03-07-02-54-47/all-tours/327-??????-?????-????.html,/index.php/2012-03-07-02-54-47/k2-information/οδικές-εκδρομές/327-μιλανο-λιμνη-κομο.html,MERGE+301,/tours/road-trips/,Article 'Μιλάνο- Λίμνη Κόμο' merged into its cluster hub,high
http://kotsistravel.gr/index.php/2012-03-07-02-54-47/all-tours/327-,/index.php/2012-03-07-02-54-47/all-tours/327-,MERGE+301,/tours/road-trips/,Article 'Μιλάνο- Λίμνη Κόμο' merged into its cluster hub,high
http://kotsistravel.gr/index.php/2012-03-07-02-54-47/all-tours/315-aegean.html,/index.php/2012-03-07-02-54-47/all-tours/315-aegean.html,MERGE+301,/air-tickets/airlines/,Article 'Aegean' merged into its cluster hub,high
http://kotsistravel.gr/index.php/2012-03-07-02-54-47/all-tours/327-??????-?????-????.html?tmpl=component&print=1,/index.php/2012-03-07-02-54-47/k2-information/οδικές-εκδρομές/327-μιλανο-λιμνη-κομο.html,410,,Print view of an article; duplicate of the canonical page,high
http://kotsistravel.gr/index.php/2012-03-07-02-54-47/all-tours/329-,/index.php/2012-03-07-02-54-47/all-tours/329-,301,/tours/road-trips/,Road tours,high
http://kotsistravel.gr/index.php/2012-03-07-02-54-47/all-tours/329-???????????_????.html?tmpl=component&print=1,/index.php/2012-03-07-02-54-47/all-tours/329-???????????_????.html,410,,Print view of an article; duplicate of the canonical page,high
http://kotsistravel.gr/index.php/2012-03-07-02-54-47/all-tours/329-???????????_????.html,/index.php/2012-03-07-02-54-47/all-tours/329-???????????_????.html,301,/tours/road-trips/,Road tours,high
http://kotsistravel.gr/index.php/2012-03-07-02-54-47/all-tours/330-,/index.php/2012-03-07-02-54-47/all-tours/330-,301,/tours/road-trips/,Road tours,high
http://kotsistravel.gr/index.php/2012-03-07-02-54-47/all-tours/330-????????????-???-??????-?-spa-???-??????-?????.html,/index.php/2012-03-07-02-54-47/all-tours/330-????????????-???-??????-?-spa-???-??????-?????.html,301,/tours/road-trips/,Road tours,high
http://kotsistravel.gr/index.php/2012-03-07-02-54-47/all-tours/330-????????????-???-??????-?-spa-???-??????-?????.html?tmpl=component&print=1,/index.php/2012-03-07-02-54-47/all-tours/330-????????????-???-??????-?-spa-???-??????-?????.html,410,,Print view of an article; duplicate of the canonical page,high
http://kotsistravel.gr/index.php/2012-03-07-02-54-47/all-tours/331-??????????_???????_2015.html,/index.php/2012-03-07-02-54-47/all-tours/331-??????????_???????_2015.html,MERGE+301,/air-tickets/,Article 'Προορισμοί από Κέρκυρα για το 2015' merged into its cluster hub,high
http://kotsistravel.gr/index.php/2012-03-07-02-54-47/flights_tours/109-magnificent-switzerland.html,/index.php/2012-03-07-02-54-47/flights_tours/109-magnificent-switzerland.html,MERGE+301,/business-travel/,Article 'Μεταφορές' merged into its cluster hub,high
http://kotsistravel.gr/index.php/2012-03-07-02-54-47/flights_tours.html,/index.php/2012-03-07-02-54-47/flights_tours.html,301,/tours/air-trips/,Air tours,high
http://kotsistravel.gr/index.php/2012-03-07-02-54-47/flights_tours/109-magnificent-switzerland.html?tmpl=component&print=1,/index.php/2012-03-07-02-54-47/flights_tours/109-magnificent-switzerland.html,410,,Print view of an article; duplicate of the canonical page,high
http://kotsistravel.gr/index.php/2012-03-07-02-54-47/flights_tours/111-rome.html?tmpl=component&print=1,/index.php/2012-03-07-02-54-47/flights_tours/111-rome.html,410,,Print view of an article; duplicate of the canonical page,high
http://kotsistravel.gr/index.php/2012-03-07-02-54-47/flights_tours/111-rome.html,/index.php/2012-03-07-02-54-47/flights_tours/111-rome.html,MERGE+301,/travel-guides/,Article 'Ακτοπλοϊκά Εισητήρια' merged into its cluster hub,high
http://kotsistravel.gr/index.php/2012-03-07-02-54-47/flights_tours/110-sicely-panorama.html?tmpl=component&print=1,/index.php/2012-03-07-02-54-47/flights_tours/110-sicely-panorama.html,410,,Print view of an article; duplicate of the canonical page,high
http://kotsistravel.gr/index.php/2012-03-07-02-54-47/flights_tours/110-sicely-panorama.html,/index.php/2012-03-07-02-54-47/flights_tours/110-sicely-panorama.html,MERGE+301,/tours/air-trips/,Article 'ΠΑΝΟΡΑΜΑ ΕΛΒΕΤΙΑΣ - ΛΙΜΝΗ ΜΠΟΝΤΕΝΖΕΕ' merged into its cluster hub,high
http://kotsistravel.gr/index.php/2012-03-07-02-54-47/flights_tours/112-barcelona.html?tmpl=component&print=1,/index.php/2012-03-07-02-54-47/flights_tours/112-barcelona.html,410,,Print view of an article; duplicate of the canonical page,high
http://kotsistravel.gr/index.php/2012-03-07-02-54-47/flights_tours/112-barcelona.html,/index.php/2012-03-07-02-54-47/flights_tours/112-barcelona.html,301,/tours/air-trips/,Air tours,high
http://kotsistravel.gr/index.php/2012-03-07-02-54-47/flights_tours/113-dubrovnik.html?tmpl=component&print=1,/index.php/2012-03-07-02-54-47/flights_tours/113-dubrovnik.html,410,,Print view of an article; duplicate of the canonical page,high
http://kotsistravel.gr/index.php/2012-03-07-02-54-47/flights_tours/114-prague.html,/index.php/2012-03-07-02-54-47/flights_tours/114-prague.html,MERGE+301,/travel-guides/,Article 'Χρήσιμοι Σύνδεσμοι' merged into its cluster hub,high
http://kotsistravel.gr/index.php/2012-03-07-02-54-47/flights_tours/113-dubrovnik.html,/index.php/2012-03-07-02-54-47/flights_tours/113-dubrovnik.html,MERGE+301,/travel-guides/,Article 'Διαφορά Ώρας' merged into its cluster hub,high
http://kotsistravel.gr/index.php/2012-03-07-02-54-47/flights_tours/300-????_??????????_???????.html,/index.php/component/k2/300-ρωμη_αεροδρομιο_κερκυρα.html,MERGE+301,/air-tickets/airlines/,Article 'ΚΕΡΚΥΡΑ - ΡΩΜΗ ΑΠΟ 65€' merged into its cluster hub,high
http://kotsistravel.gr/index.php/2012-03-07-02-54-47/flights_tours/301-??????-???-???????.html,/index.php/component/k2/301-μιλανο-απο-κερκυρα.html,MERGE+301,/air-tickets/airlines/,Article 'ΜΙΛΑΝΟ ΑΠΟ ΚΕΡΚΥΡΑ' merged into its cluster hub,high
http://kotsistravel.gr/index.php/2012-03-07-02-54-47/flights_tours/114-prague.html?tmpl=component&print=1,/index.php/2012-03-07-02-54-47/flights_tours/114-prague.html,410,,Print view of an article; duplicate of the canonical page,high
http://kotsistravel.gr/index.php/2012-03-07-02-54-47/flights_tours/302-???????_???????????_?????????.html,/index.php/component/k2/302-μπλονια_θεσσαλονικη_εισιτηρια.html,MERGE+301,/air-tickets/airlines/,Article 'ΜΠΟΛΟΝΙΑ ΑΠΟ ΘΕΣΣΑΛΟΝΙΚΗ' merged into its cluster hub,high
http://kotsistravel.gr/index.php/2012-03-07-02-54-47/flights_tours/304-???????????_?????.html,/index.php/2012-03-07-02-54-47/flights_tours/304-???????????_?????.html,MERGE+301,/air-tickets/,Article 'ΘΕΣΣΑΛΟΝΙΚΗ - ΧΑΝΙΑ' merged into its cluster hub,high
http://kotsistravel.gr/index.php/2012-03-07-02-54-47/flights_tours/309-aegean_airlines.html,/index.php/2012-03-07-02-54-47/flights_tours/309-aegean_airlines.html,MERGE+301,/air-tickets/airlines/,Article 'Aegean Airlines' merged into its cluster hub,high
http://kotsistravel.gr/index.php/2012-03-07-02-54-47/flights_tours/308-?????_?????.html,/index.php/2012-03-07-02-54-47/flights_tours/308-?????_?????.html,MERGE+301,/air-tickets/,Article 'ΠΑΤΡΑ - ΠΑΦΟΣ' merged into its cluster hub,high
http://kotsistravel.gr/index.php/2012-03-07-02-54-47/flights_tours/314-??????_???_?????????.html,/index.php/2012-03-07-02-54-47/flights_tours/314-??????_???_?????????.html,MERGE+301,/holiday-packages/,Article 'Ελλάδα και Εξωτερικο' merged into its cluster hub,high
http://kotsistravel.gr/index.php/2012-03-07-02-54-47/flights_tours/311-??????_???????_??_?????????.html,/index.php/2012-03-07-02-54-47/flights_tours/311-??????_???????_??_?????????.html,MERGE+301,/air-tickets/,Article 'Βόρεια Αμερική με επιστροφή' merged into its cluster hub,high
http://kotsistravel.gr/index.php/2012-03-07-02-54-47/flights_tours/315-aegean.html,/index.php/2012-03-07-02-54-47/flights_tours/315-aegean.html,MERGE+301,/air-tickets/airlines/,Article 'Aegean' merged into its cluster hub,high
http://kotsistravel.gr/index.php/2012-03-07-02-56-35/coach_bus_rentals.html,/index.php/2012-03-07-02-56-35/coach_bus_rentals.html,301,https://kotsis.travel/,Coach & fleet belongs on the transport domain,high
http://kotsistravel.gr/index.php/2012-03-07-02-56-35/car_rentals.html,/index.php/2012-03-07-02-56-35/car_rentals.html,301,/car-rental/,Car hire stays a travel service,high
http://kotsistravel.gr/index.php/2012-03-07-02-56-35/our_fleet.html,/index.php/2012-03-07-02-56-35/our_fleet.html,301,https://kotsis.travel/,Coach & fleet belongs on the transport domain,high
http://kotsistravel.gr/index.php/2012-03-07-02-54-47/flights_tours/331-??????????_???????_2015.html,/index.php/2012-03-07-02-54-47/flights_tours/331-??????????_???????_2015.html,MERGE+301,/air-tickets/,Article 'Προορισμοί από Κέρκυρα για το 2015' merged into its cluster hub,high
http://kotsistravel.gr/index.php/2012-03-07-02-56-35/personnel.html,/index.php/2012-03-07-02-56-35/personnel.html,301,/about/,Staff page folded into About,high
http://kotsistravel.gr/index.php/2012-03-07-02-56-37/car_rentals.html?tmpl=component&print=1&page=,/index.php/2012-03-07-02-56-37/car_rentals.html,410,,Print view of an article; duplicate of the canonical page,high
http://kotsistravel.gr/index.php/2012-03-07-02-56-37/car_rentals.html,/index.php/2012-03-07-02-56-37/car_rentals.html,301,/car-rental/,Car hire stays a travel service,high
http://kotsistravel.gr/index.php/2012-03-07-02-56-37/coach_bus_rentals.html,/index.php/2012-03-07-02-56-37/coach_bus_rentals.html,301,https://kotsis.travel/,Coach & fleet belongs on the transport domain,high
http://kotsistravel.gr/index.php/2012-03-07-02-56-37/our_fleet.html,/index.php/2012-03-07-02-56-37/our_fleet.html,301,https://kotsis.travel/,Coach & fleet belongs on the transport domain,high
http://kotsistravel.gr/index.php/2012-03-07-02-56-37/coach_bus_rentals.html?tmpl=component&print=1&page=,/index.php/2012-03-07-02-56-37/coach_bus_rentals.html,410,,Print view of an article; duplicate of the canonical page,high
http://kotsistravel.gr/index.php/2012-03-07-02-56-37/personnel.html,/index.php/2012-03-07-02-56-37/personnel.html,301,/about/,Staff page folded into About,high
http://kotsistravel.gr/index.php/2012-03-07-02-56-37/our_fleet.html?tmpl=component&print=1&page=,/index.php/2012-03-07-02-56-37/our_fleet.html,410,,Print view of an article; duplicate of the canonical page,high
http://kotsistravel.gr/index.php/2013-03-20-11-44-35/atomika_taksidia.html,/index.php/2013-03-20-11-44-35/atomika_taksidia.html,301,/holiday-packages/,Individual travel packages,high
http://kotsistravel.gr/index.php/2012-03-07-02-56-37/personnel.html?tmpl=component&print=1&page=,/index.php/2012-03-07-02-56-37/personnel.html,410,,Print view of an article; duplicate of the canonical page,high
http://kotsistravel.gr/index.php/2013-03-20-11-44-35/atomika_taksidia/300-????_??????????_???????.html,/index.php/component/k2/300-ρωμη_αεροδρομιο_κερκυρα.html,MERGE+301,/air-tickets/airlines/,Article 'ΚΕΡΚΥΡΑ - ΡΩΜΗ ΑΠΟ 65€' merged into its cluster hub,high
http://kotsistravel.gr/index.php/2013-03-20-11-44-35/atomika_taksidia/309-aegean_airlines.html,/index.php/2013-03-20-11-44-35/atomika_taksidia/309-aegean_airlines.html,MERGE+301,/air-tickets/airlines/,Article 'Aegean Airlines' merged into its cluster hub,high
http://kotsistravel.gr/index.php/2013-03-20-11-44-35/atomika_taksidia/308-?????_?????.html,/index.php/2013-03-20-11-44-35/atomika_taksidia/308-?????_?????.html,MERGE+301,/air-tickets/,Article 'ΠΑΤΡΑ - ΠΑΦΟΣ' merged into its cluster hub,high
http://kotsistravel.gr/index.php/2013-03-20-11-44-35/atomika_taksidia/304-???????????_?????.html,/index.php/2013-03-20-11-44-35/atomika_taksidia/304-???????????_?????.html,MERGE+301,/air-tickets/,Article 'ΘΕΣΣΑΛΟΝΙΚΗ - ΧΑΝΙΑ' merged into its cluster hub,high
http://kotsistravel.gr/index.php/2013-03-20-11-44-35/atomika_taksidia/301-??????-???-???????.html,/index.php/component/k2/301-μιλανο-απο-κερκυρα.html,MERGE+301,/air-tickets/airlines/,Article 'ΜΙΛΑΝΟ ΑΠΟ ΚΕΡΚΥΡΑ' merged into its cluster hub,high
http://kotsistravel.gr/index.php/2013-03-20-11-44-35/atomika_taksidia/302-???????_???????????_?????????.html,/index.php/component/k2/302-μπλονια_θεσσαλονικη_εισιτηρια.html,MERGE+301,/air-tickets/airlines/,Article 'ΜΠΟΛΟΝΙΑ ΑΠΟ ΘΕΣΣΑΛΟΝΙΚΗ' merged into its cluster hub,high
http://kotsistravel.gr/index.php/2013-03-20-11-44-35/atomika_taksidia/314-??????_???_?????????.html,/index.php/2013-03-20-11-44-35/atomika_taksidia/314-??????_???_?????????.html,MERGE+301,/holiday-packages/,Article 'Ελλάδα και Εξωτερικο' merged into its cluster hub,high
http://kotsistravel.gr/index.php/2013-03-20-11-44-35/atomika_taksidia/311-??????_???????_??_?????????.html,/index.php/2013-03-20-11-44-35/atomika_taksidia/311-??????_???????_??_?????????.html,MERGE+301,/air-tickets/,Article 'Βόρεια Αμερική με επιστροφή' merged into its cluster hub,high
http://kotsistravel.gr/index.php/2013-03-20-11-44-35/atomika_taksidia/315-aegean.html,/index.php/2013-03-20-11-44-35/atomika_taksidia/315-aegean.html,MERGE+301,/air-tickets/airlines/,Article 'Aegean' merged into its cluster hub,high
http://kotsistravel.gr/index.php/2013-03-20-11-44-35/atomika_taksidia/331-??????????_???????_2015.html,/index.php/2013-03-20-11-44-35/atomika_taksidia/331-??????????_???????_2015.html,MERGE+301,/air-tickets/,Article 'Προορισμοί από Κέρκυρα για το 2015' merged into its cluster hub,high
http://kotsistravel.gr/index.php/2013-03-20-11-44-35/atomika_taksidia/93-,/index.php/2013-03-20-11-44-35/atomika_taksidia/93-,MERGE+301,/air-tickets/from-corfu/,Article 'Κέρκυρα-Βενετία' merged into its cluster hub,high
http://kotsistravel.gr/index.php/2013-03-20-11-44-35/atomika_taksidia/93-???????-???????.html,/index.php/2013-03-20-11-44-35/atomika_taksidia/93-κέρκυρα-βενετία.html,MERGE+301,/air-tickets/from-corfu/,Article 'Κέρκυρα-Βενετία' merged into its cluster hub,high
http://kotsistravel.gr/index.php/2013-03-20-11-44-35/atomika_taksidia/93-???????-???????.html?tmpl=component&print=1,/index.php/2013-03-20-11-44-35/atomika_taksidia/93-κέρκυρα-βενετία.html,410,,Print view of an article; duplicate of the canonical page,high
http://kotsistravel.gr/index.php/2013-03-20-11-44-35/atomika_taksidia/94-???????-?????.html?tmpl=component&print=1,/index.php/2013-03-20-11-44-35/atomika_taksidia/94-κέρκυρα-πράγα.html,410,,Print view of an article; duplicate of the canonical page,high
http://kotsistravel.gr/index.php/2013-03-20-11-44-35/atomika_taksidia/94-,/index.php/2013-03-20-11-44-35/atomika_taksidia/94-,MERGE+301,/air-tickets/from-corfu/,Article 'Κέρκυρα-Πράγα' merged into its cluster hub,high
http://kotsistravel.gr/index.php/2013-03-20-11-44-35/atomika_taksidia/94-???????-?????.html,/index.php/2013-03-20-11-44-35/atomika_taksidia/94-κέρκυρα-πράγα.html,MERGE+301,/air-tickets/from-corfu/,Article 'Κέρκυρα-Πράγα' merged into its cluster hub,high
http://kotsistravel.gr/index.php/2013-03-20-11-44-35/atomika_taksidia/97-corfu-amsterdam.html,/index.php/2013-03-20-11-44-35/atomika_taksidia/97-corfu-amsterdam.html,MERGE+301,/travel-guides/,Article 'AMEA & Ταξίδι' merged into its cluster hub,high
http://kotsistravel.gr/index.php/2013-03-20-11-44-35/atomika_taksidia/95-corfu-london.html,/index.php/2013-03-20-11-44-35/atomika_taksidia/95-corfu-london.html,MERGE+301,/air-tickets/from-corfu/,Article 'Κέρκυρα - Λονδίνο' merged into its cluster hub,high
http://kotsistravel.gr/index.php/2013-03-20-11-44-35/atomika_taksidia/96-corfu-budapest.html,/index.php/2013-03-20-11-44-35/atomika_taksidia/96-corfu-budapest.html,MERGE+301,/travel-guides/,Article 'Έκδοση VISA - Πότε χρειάζεται' merged into its cluster hub,high
http://kotsistravel.gr/index.php/2013-03-20-11-44-35/atomika_taksidia/95-corfu-london.html?tmpl=component&print=1,/index.php/2013-03-20-11-44-35/atomika_taksidia/95-corfu-london.html,410,,Print view of an article; duplicate of the canonical page,high
http://kotsistravel.gr/index.php/2013-03-20-11-44-35/atomika_taksidia/96-corfu-budapest.html?tmpl=component&print=1,/index.php/2013-03-20-11-44-35/atomika_taksidia/96-corfu-budapest.html,410,,Print view of an article; duplicate of the canonical page,high
http://kotsistravel.gr/index.php/2013-03-20-11-44-35/famous_destinations.html,/index.php/2013-03-20-11-44-35/famous_destinations.html,301,/destinations/,Destination guides,high
http://kotsistravel.gr/index.php/2013-03-20-11-44-35/atomika_taksidia/97-corfu-amsterdam.html?tmpl=component&print=1,/index.php/2013-03-20-11-44-35/atomika_taksidia/97-corfu-amsterdam.html,410,,Print view of an article; duplicate of the canonical page,high
http://kotsistravel.gr/index.php/2013-03-20-11-44-35/atomika_taksidia/98-corfu-vienna.html?tmpl=component&print=1,/index.php/2013-03-20-11-44-35/atomika_taksidia/98-corfu-vienna.html,410,,Print view of an article; duplicate of the canonical page,high
http://kotsistravel.gr/index.php/2013-03-20-11-44-35/famous_destinations.html?start=9,/index.php/2013-03-20-11-44-35/famous_destinations.html,301,/destinations/,Paginated category view; folds into its hub,high
http://kotsistravel.gr/index.php/2013-03-20-11-44-35/atomika_taksidia/98-corfu-vienna.html,/index.php/2013-03-20-11-44-35/atomika_taksidia/98-corfu-vienna.html,MERGE+301,/air-tickets/from-corfu/,Article 'Κέρκυρα - Βιέννη' merged into its cluster hub,high
http://kotsistravel.gr/index.php/2013-03-20-11-44-35/famous_destinations/102-rome.html,/index.php/2013-03-20-11-44-35/famous_destinations/102-rome.html,MERGE+301,/faq/,Article 'Γενικές Ερωτήσεις' merged into its cluster hub,high
http://kotsistravel.gr/index.php/2013-03-20-11-44-35/famous_destinations/100-prague.html,/index.php/2013-03-20-11-44-35/famous_destinations/100-prague.html,MERGE+301,/destinations/,Article 'Πράγα' merged into its cluster hub,high
http://kotsistravel.gr/index.php/2013-03-20-11-44-35/famous_destinations/101-milano.html?tmpl=component&print=1,/index.php/2013-03-20-11-44-35/famous_destinations/101-milano.html,410,,Print view of an article; duplicate of the canonical page,high
http://kotsistravel.gr/index.php/2013-03-20-11-44-35/famous_destinations/101-milano.html,/index.php/2013-03-20-11-44-35/famous_destinations/101-milano.html,MERGE+301,/faq/,Article 'Κινητά & Περιαγωγή' merged into its cluster hub,high
http://kotsistravel.gr/index.php/2013-03-20-11-44-35/famous_destinations/102-rome.html?tmpl=component&print=1,/index.php/2013-03-20-11-44-35/famous_destinations/102-rome.html,410,,Print view of an article; duplicate of the canonical page,high
http://kotsistravel.gr/index.php/2013-03-20-11-44-35/famous_destinations/104-vienna.html,/index.php/2013-03-20-11-44-35/famous_destinations/104-vienna.html,MERGE+301,/faq/,Article 'Αεροπορικά-Ακτοπλοϊκά' merged into its cluster hub,high
http://kotsistravel.gr/index.php/2013-03-20-11-44-35/famous_destinations/105-paris.html,/index.php/2013-03-20-11-44-35/famous_destinations/105-paris.html,MERGE+301,/faq/,Article 'Ορολογία Δωματίων' merged into its cluster hub,high
http://kotsistravel.gr/index.php/2013-03-20-11-44-35/famous_destinations/104-vienna.html?tmpl=component&print=1,/index.php/2013-03-20-11-44-35/famous_destinations/104-vienna.html,410,,Print view of an article; duplicate of the canonical page,high
http://kotsistravel.gr/index.php/2013-03-20-11-44-35/famous_destinations/103-new_york.html?tmpl=component&print=1,/index.php/2013-03-20-11-44-35/famous_destinations/103-new_york.html,410,,Print view of an article; duplicate of the canonical page,high
http://kotsistravel.gr/index.php/2013-03-20-11-44-35/famous_destinations/103-new_york.html,/index.php/2013-03-20-11-44-35/famous_destinations/103-new_york.html,MERGE+301,/faq/,Article 'ATM Εξωτερικού - Χρεώσεις' merged into its cluster hub,high
http://kotsistravel.gr/index.php/2013-03-20-11-44-35/famous_destinations/106-barcelona.html?tmpl=component&print=1,/index.php/2013-03-20-11-44-35/famous_destinations/106-barcelona.html,410,,Print view of an article; duplicate of the canonical page,high
http://kotsistravel.gr/index.php/2013-03-20-11-44-35/famous_destinations/105-paris.html?tmpl=component&print=1,/index.php/2013-03-20-11-44-35/famous_destinations/105-paris.html,410,,Print view of an article; duplicate of the canonical page,high
http://kotsistravel.gr/index.php/2013-03-20-11-44-35/famous_destinations/106-barcelona.html,/index.php/2013-03-20-11-44-35/famous_destinations/106-barcelona.html,MERGE+301,/faq/,Article 'Σχετικά με το Συνάλλαγμα' merged into its cluster hub,high
http://kotsistravel.gr/index.php/2013-03-20-11-44-35/famous_destinations/107-london.html?tmpl=component&print=1,/index.php/2013-03-20-11-44-35/famous_destinations/107-london.html,410,,Print view of an article; duplicate of the canonical page,high
http://kotsistravel.gr/index.php/2013-03-20-11-44-35/famous_destinations/107-london.html,/index.php/2013-03-20-11-44-35/famous_destinations/107-london.html,MERGE+301,/business-travel/,Article 'Σχολικές Εκδρομές' merged into its cluster hub,high
http://kotsistravel.gr/index.php/2013-03-20-11-44-35/famous_destinations/300-????_??????????_???????.html,/index.php/component/k2/300-ρωμη_αεροδρομιο_κερκυρα.html,MERGE+301,/air-tickets/airlines/,Article 'ΚΕΡΚΥΡΑ - ΡΩΜΗ ΑΠΟ 65€' merged into its cluster hub,high
http://kotsistravel.gr/index.php/2013-03-20-11-44-35/famous_destinations/301-??????-???-???????.html,/index.php/component/k2/301-μιλανο-απο-κερκυρα.html,MERGE+301,/air-tickets/airlines/,Article 'ΜΙΛΑΝΟ ΑΠΟ ΚΕΡΚΥΡΑ' merged into its cluster hub,high
http://kotsistravel.gr/index.php/2013-03-20-11-44-35/famous_destinations/108-dubai.html?tmpl=component&print=1,/index.php/2013-03-20-11-44-35/famous_destinations/108-dubai.html,410,,Print view of an article; duplicate of the canonical page,high
http://kotsistravel.gr/index.php/2013-03-20-11-44-35/famous_destinations/108-dubai.html,/index.php/2013-03-20-11-44-35/famous_destinations/108-dubai.html,MERGE+301,/destinations/,Article 'Ντουμπάι' merged into its cluster hub,high
http://kotsistravel.gr/index.php/2013-03-20-11-44-35/famous_destinations/302-???????_???????????_?????????.html,/index.php/component/k2/302-μπλονια_θεσσαλονικη_εισιτηρια.html,MERGE+301,/air-tickets/airlines/,Article 'ΜΠΟΛΟΝΙΑ ΑΠΟ ΘΕΣΣΑΛΟΝΙΚΗ' merged into its cluster hub,high
http://kotsistravel.gr/index.php/2013-03-20-11-44-35/famous_destinations/308-?????_?????.html,/index.php/2013-03-20-11-44-35/famous_destinations/308-?????_?????.html,MERGE+301,/air-tickets/,Article 'ΠΑΤΡΑ - ΠΑΦΟΣ' merged into its cluster hub,high
http://kotsistravel.gr/index.php/2013-03-20-11-44-35/famous_destinations/304-???????????_?????.html,/index.php/2013-03-20-11-44-35/famous_destinations/304-???????????_?????.html,MERGE+301,/air-tickets/,Article 'ΘΕΣΣΑΛΟΝΙΚΗ - ΧΑΝΙΑ' merged into its cluster hub,high
http://kotsistravel.gr/index.php/2013-03-20-11-44-35/famous_destinations/314-??????_???_?????????.html,/index.php/2013-03-20-11-44-35/famous_destinations/314-??????_???_?????????.html,MERGE+301,/holiday-packages/,Article 'Ελλάδα και Εξωτερικο' merged into its cluster hub,high
http://kotsistravel.gr/index.php/2013-03-20-11-44-35/famous_destinations/309-aegean_airlines.html,/index.php/2013-03-20-11-44-35/famous_destinations/309-aegean_airlines.html,MERGE+301,/air-tickets/airlines/,Article 'Aegean Airlines' merged into its cluster hub,high
http://kotsistravel.gr/index.php/2013-03-20-11-44-35/famous_destinations/311-??????_???????_??_?????????.html,/index.php/2013-03-20-11-44-35/famous_destinations/311-??????_???????_??_?????????.html,MERGE+301,/air-tickets/,Article 'Βόρεια Αμερική με επιστροφή' merged into its cluster hub,high
http://kotsistravel.gr/index.php/2013-03-20-11-44-35/famous_destinations/315-aegean.html,/index.php/2013-03-20-11-44-35/famous_destinations/315-aegean.html,MERGE+301,/air-tickets/airlines/,Article 'Aegean' merged into its cluster hub,high
http://kotsistravel.gr/index.php/2013-03-20-11-44-35/hoenymoon_trips.html,/index.php/2013-03-20-11-44-35/hoenymoon_trips.html,301,/honeymoon/,Honeymoon & exotic travel,high
http://kotsistravel.gr/index.php/2013-03-20-11-44-35/famous_destinations/331-??????????_???????_2015.html,/index.php/2013-03-20-11-44-35/famous_destinations/331-??????????_???????_2015.html,MERGE+301,/air-tickets/,Article 'Προορισμοί από Κέρκυρα για το 2015' merged into its cluster hub,high
http://kotsistravel.gr/index.php/2013-03-20-11-44-35/hoenymoon_trips.html?start=18,/index.php/2013-03-20-11-44-35/hoenymoon_trips.html,301,/honeymoon/,Paginated category view; folds into its hub,high
http://kotsistravel.gr/index.php/2013-03-20-11-44-35/hoenymoon_trips.html?start=9,/index.php/2013-03-20-11-44-35/hoenymoon_trips.html,301,/honeymoon/,Paginated category view; folds into its hub,high
http://kotsistravel.gr/index.php/2013-03-20-11-44-35/hoenymoon_trips/127-saint_john_american_virgin_islands.html?tmpl=component&print=1,/index.php/2013-03-20-11-44-35/hoenymoon_trips/127-saint_john_american_virgin_islands.html,410,,Print view of an article; duplicate of the canonical page,high
http://kotsistravel.gr/index.php/2013-03-20-11-44-35/hoenymoon_trips/127-saint_john_american_virgin_islands.html,/index.php/2013-03-20-11-44-35/hoenymoon_trips/127-saint_john_american_virgin_islands.html,MERGE+301,/honeymoon/,Article 'Σεντ Τζον' merged into its cluster hub,high
http://kotsistravel.gr/index.php/2013-03-20-11-44-35/hoenymoon_trips/126-ambergris_caye.html?tmpl=component&print=1,/index.php/2013-03-20-11-44-35/hoenymoon_trips/126-ambergris_caye.html,410,,Print view of an article; duplicate of the canonical page,high
http://kotsistravel.gr/index.php/2013-03-20-11-44-35/hoenymoon_trips/128-bora_bora_french.html,/index.php/2013-03-20-11-44-35/hoenymoon_trips/128-bora_bora_french.html,MERGE+301,/honeymoon/,Article 'Μπόρα-Μπόρα' merged into its cluster hub,high
http://kotsistravel.gr/index.php/2013-03-20-11-44-35/hoenymoon_trips/126-ambergris_caye.html,/index.php/2013-03-20-11-44-35/hoenymoon_trips/126-ambergris_caye.html,MERGE+301,/honeymoon/,Article 'Άμπεργκρις Κέι-Μπελίζ' merged into its cluster hub,high
http://kotsistravel.gr/index.php/2013-03-20-11-44-35/hoenymoon_trips/128-bora_bora_french.html?tmpl=component&print=1,/index.php/2013-03-20-11-44-35/hoenymoon_trips/128-bora_bora_french.html,410,,Print view of an article; duplicate of the canonical page,high
http://kotsistravel.gr/index.php/2013-03-20-11-44-35/hoenymoon_trips/129-san_juan_usa.html,/index.php/2013-03-20-11-44-35/hoenymoon_trips/129-san_juan_usa.html,MERGE+301,/honeymoon/,Article 'Σαν Χουάν' merged into its cluster hub,high
http://kotsistravel.gr/index.php/2013-03-20-11-44-35/hoenymoon_trips/130-santorini.html?tmpl=component&print=1,/index.php/2013-03-20-11-44-35/hoenymoon_trips/130-santorini.html,410,,Print view of an article; duplicate of the canonical page,high
http://kotsistravel.gr/index.php/2013-03-20-11-44-35/hoenymoon_trips/130-santorini.html,/index.php/2013-03-20-11-44-35/hoenymoon_trips/130-santorini.html,MERGE+301,/honeymoon/,Article 'Σαντορίνη' merged into its cluster hub,high
http://kotsistravel.gr/index.php/2013-03-20-11-44-35/hoenymoon_trips/129-san_juan_usa.html?tmpl=component&print=1,/index.php/2013-03-20-11-44-35/hoenymoon_trips/129-san_juan_usa.html,410,,Print view of an article; duplicate of the canonical page,high
http://kotsistravel.gr/index.php/2013-03-20-11-44-35/hoenymoon_trips/131-isla_mujeres_mexico.html?tmpl=component&print=1,/index.php/2013-03-20-11-44-35/hoenymoon_trips/131-isla_mujeres_mexico.html,410,,Print view of an article; duplicate of the canonical page,high
http://kotsistravel.gr/index.php/2013-03-20-11-44-35/hoenymoon_trips/132-moorea_island.html?tmpl=component&print=1,/index.php/2013-03-20-11-44-35/hoenymoon_trips/132-moorea_island.html,410,,Print view of an article; duplicate of the canonical page,high
http://kotsistravel.gr/index.php/2013-03-20-11-44-35/hoenymoon_trips/131-isla_mujeres_mexico.html,/index.php/2013-03-20-11-44-35/hoenymoon_trips/131-isla_mujeres_mexico.html,MERGE+301,/honeymoon/,Article 'Ίλα Μουχέρες' merged into its cluster hub,high
http://kotsistravel.gr/index.php/2013-03-20-11-44-35/hoenymoon_trips/132-moorea_island.html,/index.php/2013-03-20-11-44-35/hoenymoon_trips/132-moorea_island.html,MERGE+301,/honeymoon/,Article 'Μουρέα' merged into its cluster hub,high
http://kotsistravel.gr/index.php/2013-03-20-11-44-35/hoenymoon_trips/133-koh_tao_thailand.html,/index.php/2013-03-20-11-44-35/hoenymoon_trips/133-koh_tao_thailand.html,MERGE+301,/honeymoon/,Article 'Κο Τάο' merged into its cluster hub,high
http://kotsistravel.gr/index.php/2013-03-20-11-44-35/hoenymoon_trips/135-nosy_be_madagaskar.html?tmpl=component&print=1,/index.php/2013-03-20-11-44-35/hoenymoon_trips/135-nosy_be_madagaskar.html,410,,Print view of an article; duplicate of the canonical page,high
http://kotsistravel.gr/index.php/2013-03-20-11-44-35/hoenymoon_trips/133-koh_tao_thailand.html?tmpl=component&print=1,/index.php/2013-03-20-11-44-35/hoenymoon_trips/133-koh_tao_thailand.html,410,,Print view of an article; duplicate of the canonical page,high
http://kotsistravel.gr/index.php/2013-03-20-11-44-35/hoenymoon_trips/135-nosy_be_madagaskar.html,/index.php/2013-03-20-11-44-35/hoenymoon_trips/135-nosy_be_madagaskar.html,MERGE+301,/honeymoon/,Article 'Νόζι Μπε' merged into its cluster hub,high
http://kotsistravel.gr/index.php/2013-03-20-11-44-35/hoenymoon_trips/134-pasha_island_chile.html?tmpl=component&print=1,/index.php/2013-03-20-11-44-35/hoenymoon_trips/134-pasha_island_chile.html,410,,Print view of an article; duplicate of the canonical page,high
http://kotsistravel.gr/index.php/2013-03-20-11-44-35/hoenymoon_trips/134-pasha_island_chile.html,/index.php/2013-03-20-11-44-35/hoenymoon_trips/134-pasha_island_chile.html,MERGE+301,/honeymoon/,Article 'Νήσος του Πάσχα' merged into its cluster hub,high
http://kotsistravel.gr/index.php/2013-03-20-11-44-35/hoenymoon_trips/19-,/index.php/2013-03-20-11-44-35/hoenymoon_trips/19-,MERGE+301,/honeymoon/,Article 'Δομινικανή Δημοκρατία' merged into its cluster hub,high
http://kotsistravel.gr/index.php/2013-03-20-11-44-35/hoenymoon_trips/18-??????????.html,/index.php/2013-03-20-11-44-35/hoenymoon_trips/18-σιγκαπούρη.html,MERGE+301,/honeymoon/,Article 'Σιγκαπούρη' merged into its cluster hub,high
http://kotsistravel.gr/index.php/2013-03-20-11-44-35/hoenymoon_trips/19-??????????-??????????.html?tmpl=component&print=1,/index.php/2013-03-20-11-44-35/hoenymoon_trips/19-δομινικανή-δημοκρατία.html,410,,Print view of an article; duplicate of the canonical page,high
http://kotsistravel.gr/index.php/2013-03-20-11-44-35/hoenymoon_trips/19-??????????-??????????.html,/index.php/2013-03-20-11-44-35/hoenymoon_trips/19-δομινικανή-δημοκρατία.html,MERGE+301,/honeymoon/,Article 'Δομινικανή Δημοκρατία' merged into its cluster hub,high
http://kotsistravel.gr/index.php/2013-03-20-11-44-35/hoenymoon_trips/20-,/index.php/2013-03-20-11-44-35/hoenymoon_trips/20-,MERGE+301,/honeymoon/,Article 'Σευχέλλες' merged into its cluster hub,high
http://kotsistravel.gr/index.php/2013-03-20-11-44-35/hoenymoon_trips/21-,/index.php/2013-03-20-11-44-35/hoenymoon_trips/21-,MERGE+301,/honeymoon/,Article 'Μπαλί' merged into its cluster hub,high
http://kotsistravel.gr/index.php/2013-03-20-11-44-35/hoenymoon_trips/21-?????.html,/index.php/2013-03-20-11-44-35/hoenymoon_trips/21-μπαλί.html,MERGE+301,/honeymoon/,Article 'Μπαλί' merged into its cluster hub,high
http://kotsistravel.gr/index.php/2013-03-20-11-44-35/hoenymoon_trips/21-?????.html?tmpl=component&print=1,/index.php/2013-03-20-11-44-35/hoenymoon_trips/21-μπαλί.html,410,,Print view of an article; duplicate of the canonical page,high
http://kotsistravel.gr/index.php/2013-03-20-11-44-35/hoenymoon_trips/20-?????????.html,/index.php/2013-03-20-11-44-35/hoenymoon_trips/20-σευχέλλες.html,MERGE+301,/honeymoon/,Article 'Σευχέλλες' merged into its cluster hub,high
http://kotsistravel.gr/index.php/2013-03-20-11-44-35/hoenymoon_trips/20-?????????.html?tmpl=component&print=1,/index.php/2013-03-20-11-44-35/hoenymoon_trips/20-σευχέλλες.html,410,,Print view of an article; duplicate of the canonical page,high
http://kotsistravel.gr/index.php/2013-03-20-11-44-35/hoenymoon_trips/22-????????.html,/index.php/2013-03-20-11-44-35/hoenymoon_trips/22-μαλδίβες.html,MERGE+301,/honeymoon/,Article 'Μαλδίβες' merged into its cluster hub,high
http://kotsistravel.gr/index.php/2013-03-20-11-44-35/hoenymoon_trips/22-,/index.php/2013-03-20-11-44-35/hoenymoon_trips/22-,MERGE+301,/honeymoon/,Article 'Μαλδίβες' merged into its cluster hub,high
http://kotsistravel.gr/index.php/2013-03-20-11-44-35/hoenymoon_trips/22-????????.html?tmpl=component&print=1,/index.php/2013-03-20-11-44-35/hoenymoon_trips/22-μαλδίβες.html,410,,Print view of an article; duplicate of the canonical page,high
http://kotsistravel.gr/index.php/2013-03-20-11-44-35/hoenymoon_trips/23-,/index.php/2013-03-20-11-44-35/hoenymoon_trips/23-,MERGE+301,/honeymoon/,Article 'Αγ. Μαυρίκιος' merged into its cluster hub,high
http://kotsistravel.gr/index.php/2013-03-20-11-44-35/hoenymoon_trips/23-?????-?????????.html,/index.php/2013-03-20-11-44-35/hoenymoon_trips/23-άγιος-μαυρίκιος.html,MERGE+301,/honeymoon/,Article 'Αγ. Μαυρίκιος' merged into its cluster hub,high
http://kotsistravel.gr/index.php/2013-03-20-11-44-35/hoenymoon_trips/23-?????-?????????.html?tmpl=component&print=1,/index.php/2013-03-20-11-44-35/hoenymoon_trips/23-άγιος-μαυρίκιος.html,410,,Print view of an article; duplicate of the canonical page,high
http://kotsistravel.gr/index.php/2013-03-20-11-44-35/hoenymoon_trips/24-,/index.php/2013-03-20-11-44-35/hoenymoon_trips/24-,MERGE+301,/honeymoon/,Article 'Κο-Σαμούι' merged into its cluster hub,high
http://kotsistravel.gr/index.php/2013-03-20-11-44-35/hoenymoon_trips/24-??-??????.html,/index.php/2013-03-20-11-44-35/hoenymoon_trips/24-κο-σαμούι.html,MERGE+301,/honeymoon/,Article 'Κο-Σαμούι' merged into its cluster hub,high
http://kotsistravel.gr/index.php/2013-03-20-11-44-35/hoenymoon_trips/24-??-??????.html?tmpl=component&print=1,/index.php/2013-03-20-11-44-35/hoenymoon_trips/24-κο-σαμούι.html,410,,Print view of an article; duplicate of the canonical page,high
http://kotsistravel.gr/index.php/2013-03-20-11-44-35/hoenymoon_trips/300-????_??????????_???????.html,/index.php/component/k2/300-ρωμη_αεροδρομιο_κερκυρα.html,MERGE+301,/air-tickets/airlines/,Article 'ΚΕΡΚΥΡΑ - ΡΩΜΗ ΑΠΟ 65€' merged into its cluster hub,high
http://kotsistravel.gr/index.php/2013-03-20-11-44-35/hoenymoon_trips/301-??????-???-???????.html,/index.php/component/k2/301-μιλανο-απο-κερκυρα.html,MERGE+301,/air-tickets/airlines/,Article 'ΜΙΛΑΝΟ ΑΠΟ ΚΕΡΚΥΡΑ' merged into its cluster hub,high
http://kotsistravel.gr/index.php/2013-03-20-11-44-35/hoenymoon_trips/302-???????_???????????_?????????.html,/index.php/component/k2/302-μπλονια_θεσσαλονικη_εισιτηρια.html,MERGE+301,/air-tickets/airlines/,Article 'ΜΠΟΛΟΝΙΑ ΑΠΟ ΘΕΣΣΑΛΟΝΙΚΗ' merged into its cluster hub,high
http://kotsistravel.gr/index.php/2013-03-20-11-44-35/hoenymoon_trips/304-???????????_?????.html,/index.php/2013-03-20-11-44-35/hoenymoon_trips/304-???????????_?????.html,MERGE+301,/air-tickets/,Article 'ΘΕΣΣΑΛΟΝΙΚΗ - ΧΑΝΙΑ' merged into its cluster hub,high
http://kotsistravel.gr/index.php/2013-03-20-11-44-35/hoenymoon_trips/309-aegean_airlines.html,/index.php/2013-03-20-11-44-35/hoenymoon_trips/309-aegean_airlines.html,MERGE+301,/air-tickets/airlines/,Article 'Aegean Airlines' merged into its cluster hub,high
http://kotsistravel.gr/index.php/2013-03-20-11-44-35/hoenymoon_trips/308-?????_?????.html,/index.php/2013-03-20-11-44-35/hoenymoon_trips/308-?????_?????.html,MERGE+301,/air-tickets/,Article 'ΠΑΤΡΑ - ΠΑΦΟΣ' merged into its cluster hub,high
http://kotsistravel.gr/index.php/2013-03-20-11-44-35/hoenymoon_trips/314-??????_???_?????????.html,/index.php/2013-03-20-11-44-35/hoenymoon_trips/314-??????_???_?????????.html,MERGE+301,/holiday-packages/,Article 'Ελλάδα και Εξωτερικο' merged into its cluster hub,high
http://kotsistravel.gr/index.php/2013-03-20-11-44-35/hoenymoon_trips/311-??????_???????_??_?????????.html,/index.php/2013-03-20-11-44-35/hoenymoon_trips/311-??????_???????_??_?????????.html,MERGE+301,/air-tickets/,Article 'Βόρεια Αμερική με επιστροφή' merged into its cluster hub,high
http://kotsistravel.gr/index.php/2013-03-20-11-44-35/hoenymoon_trips/331-??????????_???????_2015.html,/index.php/2013-03-20-11-44-35/hoenymoon_trips/331-??????????_???????_2015.html,MERGE+301,/air-tickets/,Article 'Προορισμοί από Κέρκυρα για το 2015' merged into its cluster hub,high
http://kotsistravel.gr/index.php/2013-03-20-11-44-35/hoenymoon_trips/315-aegean.html,/index.php/2013-03-20-11-44-35/hoenymoon_trips/315-aegean.html,MERGE+301,/air-tickets/airlines/,Article 'Aegean' merged into its cluster hub,high
http://kotsistravel.gr/index.php/2013-03-20-11-44-35/hoenymoon_trips/content/26-the_most_beautiful_islands_in_the_world.html,/index.php/2013-03-20-11-44-35/hoenymoon_trips/content/26-the_most_beautiful_islands_in_the_world.html,MERGE+301,/honeymoon/,Article 'Ντίσελντορφ' merged into its cluster hub,high
http://kotsistravel.gr/index.php/2013-03-31-11-03-19/alaska_cruises.html,/index.php/2013-03-31-11-03-19/alaska_cruises.html,301,/cruises/alaska/,Alaska cruise category,high
http://kotsistravel.gr/index.php/2013-03-31-11-03-19/alaska_cruises/300-????_??????????_???????.html,/index.php/component/k2/300-ρωμη_αεροδρομιο_κερκυρα.html,MERGE+301,/air-tickets/airlines/,Article 'ΚΕΡΚΥΡΑ - ΡΩΜΗ ΑΠΟ 65€' merged into its cluster hub,high
http://kotsistravel.gr/index.php/2013-03-31-11-03-19/alaska_cruises/304-???????????_?????.html,/index.php/2013-03-31-11-03-19/alaska_cruises/304-???????????_?????.html,MERGE+301,/air-tickets/,Article 'ΘΕΣΣΑΛΟΝΙΚΗ - ΧΑΝΙΑ' merged into its cluster hub,high
http://kotsistravel.gr/index.php/2013-03-31-11-03-19/alaska_cruises/302-???????_???????????_?????????.html,/index.php/component/k2/302-μπλονια_θεσσαλονικη_εισιτηρια.html,MERGE+301,/air-tickets/airlines/,Article 'ΜΠΟΛΟΝΙΑ ΑΠΟ ΘΕΣΣΑΛΟΝΙΚΗ' merged into its cluster hub,high
http://kotsistravel.gr/index.php/2013-03-31-11-03-19/alaska_cruises/301-??????-???-???????.html,/index.php/component/k2/301-μιλανο-απο-κερκυρα.html,MERGE+301,/air-tickets/airlines/,Article 'ΜΙΛΑΝΟ ΑΠΟ ΚΕΡΚΥΡΑ' merged into its cluster hub,high
http://kotsistravel.gr/index.php/2013-03-31-11-03-19/alaska_cruises/308-?????_?????.html,/index.php/2013-03-31-11-03-19/alaska_cruises/308-?????_?????.html,MERGE+301,/air-tickets/,Article 'ΠΑΤΡΑ - ΠΑΦΟΣ' merged into its cluster hub,high
http://kotsistravel.gr/index.php/2013-03-31-11-03-19/alaska_cruises/309-aegean_airlines.html,/index.php/2013-03-31-11-03-19/alaska_cruises/309-aegean_airlines.html,MERGE+301,/air-tickets/airlines/,Article 'Aegean Airlines' merged into its cluster hub,high
http://kotsistravel.gr/index.php/2013-03-31-11-03-19/alaska_cruises/311-??????_???????_??_?????????.html,/index.php/2013-03-31-11-03-19/alaska_cruises/311-??????_???????_??_?????????.html,MERGE+301,/air-tickets/,Article 'Βόρεια Αμερική με επιστροφή' merged into its cluster hub,high
http://kotsistravel.gr/index.php/2013-03-31-11-03-19/alaska_cruises/315-aegean.html,/index.php/2013-03-31-11-03-19/alaska_cruises/315-aegean.html,MERGE+301,/air-tickets/airlines/,Article 'Aegean' merged into its cluster hub,high
http://kotsistravel.gr/index.php/2013-03-31-11-03-19/alaska_cruises/314-??????_???_?????????.html,/index.php/2013-03-31-11-03-19/alaska_cruises/314-??????_???_?????????.html,MERGE+301,/holiday-packages/,Article 'Ελλάδα και Εξωτερικο' merged into its cluster hub,high
http://kotsistravel.gr/index.php/2013-03-31-11-03-19/alaska_cruises/331-??????????_???????_2015.html,/index.php/2013-03-31-11-03-19/alaska_cruises/331-??????????_???????_2015.html,MERGE+301,/air-tickets/,Article 'Προορισμοί από Κέρκυρα για το 2015' merged into its cluster hub,high
http://kotsistravel.gr/index.php/2013-03-31-11-03-19/caribbean_cruises.html,/index.php/2013-03-31-11-03-19/caribbean_cruises.html,301,/cruises/caribbean/,Caribbean cruise category,high
http://kotsistravel.gr/index.php/2013-03-31-11-03-19/caribbean_cruises/300-????_??????????_???????.html,/index.php/component/k2/300-ρωμη_αεροδρομιο_κερκυρα.html,MERGE+301,/air-tickets/airlines/,Article 'ΚΕΡΚΥΡΑ - ΡΩΜΗ ΑΠΟ 65€' merged into its cluster hub,high
http://kotsistravel.gr/index.php/2013-03-31-11-03-19/caribbean_cruises/301-??????-???-???????.html,/index.php/component/k2/301-μιλανο-απο-κερκυρα.html,MERGE+301,/air-tickets/airlines/,Article 'ΜΙΛΑΝΟ ΑΠΟ ΚΕΡΚΥΡΑ' merged into its cluster hub,high
http://kotsistravel.gr/index.php/2013-03-31-11-03-19/caribbean_cruises/302-???????_???????????_?????????.html,/index.php/component/k2/302-μπλονια_θεσσαλονικη_εισιτηρια.html,MERGE+301,/air-tickets/airlines/,Article 'ΜΠΟΛΟΝΙΑ ΑΠΟ ΘΕΣΣΑΛΟΝΙΚΗ' merged into its cluster hub,high
http://kotsistravel.gr/index.php/2013-03-31-11-03-19/caribbean_cruises/304-???????????_?????.html,/index.php/2013-03-31-11-03-19/caribbean_cruises/304-???????????_?????.html,MERGE+301,/air-tickets/,Article 'ΘΕΣΣΑΛΟΝΙΚΗ - ΧΑΝΙΑ' merged into its cluster hub,high
http://kotsistravel.gr/index.php/2013-03-31-11-03-19/caribbean_cruises/308-?????_?????.html,/index.php/2013-03-31-11-03-19/caribbean_cruises/308-?????_?????.html,MERGE+301,/air-tickets/,Article 'ΠΑΤΡΑ - ΠΑΦΟΣ' merged into its cluster hub,high
http://kotsistravel.gr/index.php/2013-03-31-11-03-19/caribbean_cruises/309-aegean_airlines.html,/index.php/2013-03-31-11-03-19/caribbean_cruises/309-aegean_airlines.html,MERGE+301,/air-tickets/airlines/,Article 'Aegean Airlines' merged into its cluster hub,high
http://kotsistravel.gr/index.php/2013-03-31-11-03-19/caribbean_cruises/314-??????_???_?????????.html,/index.php/2013-03-31-11-03-19/caribbean_cruises/314-??????_???_?????????.html,MERGE+301,/holiday-packages/,Article 'Ελλάδα και Εξωτερικο' merged into its cluster hub,high
http://kotsistravel.gr/index.php/2013-03-31-11-03-19/caribbean_cruises/311-??????_???????_??_?????????.html,/index.php/2013-03-31-11-03-19/caribbean_cruises/311-??????_???????_??_?????????.html,MERGE+301,/air-tickets/,Article 'Βόρεια Αμερική με επιστροφή' merged into its cluster hub,high
http://kotsistravel.gr/index.php/2013-03-31-11-03-19/caribbean_cruises/315-aegean.html,/index.php/2013-03-31-11-03-19/caribbean_cruises/315-aegean.html,MERGE+301,/air-tickets/airlines/,Article 'Aegean' merged into its cluster hub,high
http://kotsistravel.gr/index.php/2013-03-31-11-03-19/caribbean_cruises/331-??????????_???????_2015.html,/index.php/2013-03-31-11-03-19/caribbean_cruises/331-??????????_???????_2015.html,MERGE+301,/air-tickets/,Article 'Προορισμοί από Κέρκυρα για το 2015' merged into its cluster hub,high
http://kotsistravel.gr/index.php/2013-03-31-11-03-19/cruise_brochures/124-??????????.html,/index.php/component/k2/124-μάντσεστερ.html,MERGE+301,/holiday-packages/,Article 'Μάντσεστερ' merged into its cluster hub,high
http://kotsistravel.gr/index.php/2013-03-31-11-03-19/cruise_brochures.html,/index.php/2013-03-31-11-03-19/cruise_brochures.html,MERGE+301,/cruises/,PDF-era brochure listings merged into the cruise hub,high
http://kotsistravel.gr/index.php/2013-03-31-11-03-19/cruise_brochures/125-?????.html,/index.php/component/k2/125-πάφος.html,MERGE+301,/holiday-packages/,Article 'Πάφος' merged into its cluster hub,high
http://kotsistravel.gr/index.php/2013-03-31-11-03-19/cruise_brochures/28-??????.html,/index.php/component/k2/28-μιλάνο.html,MERGE+301,/holiday-packages/,Article 'Μιλάνο' merged into its cluster hub,high
http://kotsistravel.gr/index.php/2013-03-31-11-03-19/cruise_brochures/26-???????????.html,/index.php/component/k2/26-ντίσελντορφ.html,MERGE+301,/honeymoon/,Article 'Ντίσελντορφ' merged into its cluster hub,high
http://kotsistravel.gr/index.php/2013-03-31-11-03-19/cruise_brochures/30-???????.html,/index.php/component/k2/30-λονδίνο.html,MERGE+301,/holiday-packages/,Article 'Λονδίνο' merged into its cluster hub,high
http://kotsistravel.gr/index.php/2013-03-31-11-03-19/cruise_brochures/300-????_??????????_???????.html,/index.php/component/k2/300-ρωμη_αεροδρομιο_κερκυρα.html,MERGE+301,/air-tickets/airlines/,Article 'ΚΕΡΚΥΡΑ - ΡΩΜΗ ΑΠΟ 65€' merged into its cluster hub,high
http://kotsistravel.gr/index.php/2013-03-31-11-03-19/cruise_brochures/29-????.html,/index.php/component/k2/29-ρώμη.html,MERGE+301,/holiday-packages/,Article 'Ρώμη' merged into its cluster hub,high
http://kotsistravel.gr/index.php/2013-03-31-11-03-19/cruise_brochures/301-??????-???-???????.html,/index.php/component/k2/301-μιλανο-απο-κερκυρα.html,MERGE+301,/air-tickets/airlines/,Article 'ΜΙΛΑΝΟ ΑΠΟ ΚΕΡΚΥΡΑ' merged into its cluster hub,high
http://kotsistravel.gr/index.php/2013-03-31-11-03-19/cruise_brochures/302-???????_???????????_?????????.html,/index.php/component/k2/302-μπλονια_θεσσαλονικη_εισιτηρια.html,MERGE+301,/air-tickets/airlines/,Article 'ΜΠΟΛΟΝΙΑ ΑΠΟ ΘΕΣΣΑΛΟΝΙΚΗ' merged into its cluster hub,high
http://kotsistravel.gr/index.php/2013-03-31-11-03-19/cruise_brochures/309-aegean_airlines.html,/index.php/2013-03-31-11-03-19/cruise_brochures/309-aegean_airlines.html,MERGE+301,/air-tickets/airlines/,Article 'Aegean Airlines' merged into its cluster hub,high
http://kotsistravel.gr/index.php/2013-03-31-11-03-19/cruise_brochures/308-?????_?????.html,/index.php/2013-03-31-11-03-19/cruise_brochures/308-?????_?????.html,MERGE+301,/air-tickets/,Article 'ΠΑΤΡΑ - ΠΑΦΟΣ' merged into its cluster hub,high
http://kotsistravel.gr/index.php/2013-03-31-11-03-19/cruise_brochures/304-???????????_?????.html,/index.php/2013-03-31-11-03-19/cruise_brochures/304-???????????_?????.html,MERGE+301,/air-tickets/,Article 'ΘΕΣΣΑΛΟΝΙΚΗ - ΧΑΝΙΑ' merged into its cluster hub,high
http://kotsistravel.gr/index.php/2013-03-31-11-03-19/cruise_brochures/311-??????_???????_??_?????????.html,/index.php/2013-03-31-11-03-19/cruise_brochures/311-??????_???????_??_?????????.html,MERGE+301,/air-tickets/,Article 'Βόρεια Αμερική με επιστροφή' merged into its cluster hub,high
http://kotsistravel.gr/index.php/2013-03-31-11-03-19/cruise_brochures/314-??????_???_?????????.html,/index.php/2013-03-31-11-03-19/cruise_brochures/314-??????_???_?????????.html,MERGE+301,/holiday-packages/,Article 'Ελλάδα και Εξωτερικο' merged into its cluster hub,high
http://kotsistravel.gr/index.php/2013-03-31-11-03-19/cruise_brochures/315-aegean.html,/index.php/2013-03-31-11-03-19/cruise_brochures/315-aegean.html,MERGE+301,/air-tickets/airlines/,Article 'Aegean' merged into its cluster hub,high
http://kotsistravel.gr/index.php/2013-03-31-11-03-19/cruise_brochures/40-compagnie-du-ponant.html,/index.php/2013-03-31-11-03-19/cruise_brochures/40-compagnie-du-ponant.html,MERGE+301,/cruises/,Article 'Compagnie du Ponant' merged into its cluster hub,high
http://kotsistravel.gr/index.php/2013-03-31-11-03-19/cruise_brochures/331-??????????_???????_2015.html,/index.php/2013-03-31-11-03-19/cruise_brochures/331-??????????_???????_2015.html,MERGE+301,/air-tickets/,Article 'Προορισμοί από Κέρκυρα για το 2015' merged into its cluster hub,high
http://kotsistravel.gr/index.php/2013-03-31-11-03-19/cruise_brochures/42-cunard-lines.html,/index.php/2013-03-31-11-03-19/cruise_brochures/42-cunard-lines.html,MERGE+301,/cruises/,Article 'Cunard' merged into its cluster hub,high
http://kotsistravel.gr/index.php/2013-03-31-11-03-19/cruise_brochures/41-costa-cruises.html,/index.php/2013-03-31-11-03-19/cruise_brochures/41-costa-cruises.html,MERGE+301,/cruises/,Article 'Costa' merged into its cluster hub,high
http://kotsistravel.gr/index.php/2013-03-31-11-03-19/cruise_brochures/43-europe-princess-cruises.html?tmpl=component&print=1,/index.php/2013-03-31-11-03-19/cruise_brochures/43-europe-princess-cruises.html,410,,Print view of an article; duplicate of the canonical page,high
http://kotsistravel.gr/index.php/2013-03-31-11-03-19/cruise_brochures/42-cunard-lines.html?tmpl=component&print=1,/index.php/2013-03-31-11-03-19/cruise_brochures/42-cunard-lines.html,410,,Print view of an article; duplicate of the canonical page,high
http://kotsistravel.gr/index.php/2013-03-31-11-03-19/cruise_brochures/43-europe-princess-cruises.html,/index.php/2013-03-31-11-03-19/cruise_brochures/43-europe-princess-cruises.html,MERGE+301,/cruises/,Article 'Princess - Europe' merged into its cluster hub,high
http://kotsistravel.gr/index.php/2013-03-31-11-03-19/cruise_brochures/44-europe-seabourn.html,/index.php/2013-03-31-11-03-19/cruise_brochures/44-europe-seabourn.html,MERGE+301,/cruises/,Article 'Seabourn - Europe' merged into its cluster hub,high
http://kotsistravel.gr/index.php/2013-03-31-11-03-19/cruise_brochures/44-europe-seabourn.html?tmpl=component&print=1,/index.php/2013-03-31-11-03-19/cruise_brochures/44-europe-seabourn.html,410,,Print view of an article; duplicate of the canonical page,high
http://kotsistravel.gr/index.php/2013-03-31-11-03-19/cruise_brochures/45-hal-dining.html,/index.php/2013-03-31-11-03-19/cruise_brochures/45-hal-dining.html,MERGE+301,/cruises/,Article 'H.A.L. Dining' merged into its cluster hub,high
http://kotsistravel.gr/index.php/2013-03-31-11-03-19/cruise_brochures/45-hal-dining.html?tmpl=component&print=1,/index.php/2013-03-31-11-03-19/cruise_brochures/45-hal-dining.html,410,,Print view of an article; duplicate of the canonical page,high
http://kotsistravel.gr/index.php/2013-03-31-11-03-19/cruise_brochures/46-hal-discover.html,/index.php/2013-03-31-11-03-19/cruise_brochures/46-hal-discover.html,MERGE+301,/cruises/,Article 'H.A.L. Discover' merged into its cluster hub,high
http://kotsistravel.gr/index.php/2013-03-31-11-03-19/cruise_brochures/47-msc-cruises.html,/index.php/2013-03-31-11-03-19/cruise_brochures/47-msc-cruises.html,MERGE+301,/cruises/,Article 'MSC' merged into its cluster hub,high
http://kotsistravel.gr/index.php/2013-03-31-11-03-19/cruise_brochures/46-hal-discover.html?tmpl=component&print=1,/index.php/2013-03-31-11-03-19/cruise_brochures/46-hal-discover.html,410,,Print view of an article; duplicate of the canonical page,high
http://kotsistravel.gr/index.php/2013-03-31-11-03-19/cruise_brochures/48-norwegian-cruise-line.html,/index.php/2013-03-31-11-03-19/cruise_brochures/48-norwegian-cruise-line.html,MERGE+301,/cruises/,Article 'Norwegian' merged into its cluster hub,high
http://kotsistravel.gr/index.php/2013-03-31-11-03-19/cruise_brochures/49-holland-america-line.html,/index.php/2013-03-31-11-03-19/cruise_brochures/49-holland-america-line.html,MERGE+301,/cruises/,Article 'H.A.L.' merged into its cluster hub,high
http://kotsistravel.gr/index.php/2013-03-31-11-03-19/cruise_brochures/50-seabourn.html,/index.php/2013-03-31-11-03-19/cruise_brochures/50-seabourn.html,MERGE+301,/cruises/,Article 'Seabourn' merged into its cluster hub,high
http://kotsistravel.gr/index.php/2013-03-31-11-03-19/cruise_brochures/content/23-highlights.html,/index.php/2013-03-31-11-03-19/cruise_brochures/content/23-highlights.html,MERGE+301,/honeymoon/,Article 'Αγ. Μαυρίκιος' merged into its cluster hub,high
http://kotsistravel.gr/index.php/2013-03-31-11-03-19/cruise_offers.html,/index.php/2013-03-31-11-03-19/cruise_offers.html,MERGE+301,/cruises/,Expired cruise offers merged into the cruise hub,high
http://kotsistravel.gr/index.php/2013-03-31-11-03-19/cruise_offers/300-????_??????????_???????.html,/index.php/component/k2/300-ρωμη_αεροδρομιο_κερκυρα.html,MERGE+301,/air-tickets/airlines/,Article 'ΚΕΡΚΥΡΑ - ΡΩΜΗ ΑΠΟ 65€' merged into its cluster hub,high
http://kotsistravel.gr/index.php/2013-03-31-11-03-19/cruise_offers/297-???????????.html,/index.php/component/k2/297-κρουαζιέρες.html,MERGE+301,/air-tickets/airlines/,Article 'Κρουαζιέρες από 40€/ημέρα' merged into its cluster hub,high
http://kotsistravel.gr/index.php/2013-03-31-11-03-19/cruise_offers/115-???????????-????????-?????-?????????-?????.html,/index.php/component/k2/115-κρουαζιέρες-ελληνικά-νησιά-μειωμένες-τιμές.html,MERGE+301,/business-travel/,Article 'Μεταφορές Χρημάτων' merged into its cluster hub,high
http://kotsistravel.gr/index.php/2013-03-31-11-03-19/cruise_offers/301-??????-???-???????.html,/index.php/component/k2/301-μιλανο-απο-κερκυρα.html,MERGE+301,/air-tickets/airlines/,Article 'ΜΙΛΑΝΟ ΑΠΟ ΚΕΡΚΥΡΑ' merged into its cluster hub,high
http://kotsistravel.gr/index.php/2013-03-31-11-03-19/cruise_offers/302-???????_???????????_?????????.html,/index.php/component/k2/302-μπλονια_θεσσαλονικη_εισιτηρια.html,MERGE+301,/air-tickets/airlines/,Article 'ΜΠΟΛΟΝΙΑ ΑΠΟ ΘΕΣΣΑΛΟΝΙΚΗ' merged into its cluster hub,high
http://kotsistravel.gr/index.php/2013-03-31-11-03-19/cruise_offers/304-???????????_?????.html,/index.php/2013-03-31-11-03-19/cruise_offers/304-???????????_?????.html,MERGE+301,/air-tickets/,Article 'ΘΕΣΣΑΛΟΝΙΚΗ - ΧΑΝΙΑ' merged into its cluster hub,high
http://kotsistravel.gr/index.php/2013-03-31-11-03-19/cruise_offers/308-?????_?????.html,/index.php/2013-03-31-11-03-19/cruise_offers/308-?????_?????.html,MERGE+301,/air-tickets/,Article 'ΠΑΤΡΑ - ΠΑΦΟΣ' merged into its cluster hub,high
http://kotsistravel.gr/index.php/2013-03-31-11-03-19/cruise_offers/309-aegean_airlines.html,/index.php/2013-03-31-11-03-19/cruise_offers/309-aegean_airlines.html,MERGE+301,/air-tickets/airlines/,Article 'Aegean Airlines' merged into its cluster hub,high
http://kotsistravel.gr/index.php/2013-03-31-11-03-19/cruise_offers/311-??????_???????_??_?????????.html,/index.php/2013-03-31-11-03-19/cruise_offers/311-??????_???????_??_?????????.html,MERGE+301,/air-tickets/,Article 'Βόρεια Αμερική με επιστροφή' merged into its cluster hub,high
http://kotsistravel.gr/index.php/2013-03-31-11-03-19/cruise_offers/314-??????_???_?????????.html,/index.php/2013-03-31-11-03-19/cruise_offers/314-??????_???_?????????.html,MERGE+301,/holiday-packages/,Article 'Ελλάδα και Εξωτερικο' merged into its cluster hub,high
http://kotsistravel.gr/index.php/2013-03-31-11-03-19/cruise_offers/content/23-highlights.html,/index.php/2013-03-31-11-03-19/cruise_offers/content/23-highlights.html,MERGE+301,/honeymoon/,Article 'Αγ. Μαυρίκιος' merged into its cluster hub,high
http://kotsistravel.gr/index.php/2013-03-31-11-03-19/cruise_offers/315-aegean.html,/index.php/2013-03-31-11-03-19/cruise_offers/315-aegean.html,MERGE+301,/air-tickets/airlines/,Article 'Aegean' merged into its cluster hub,high
http://kotsistravel.gr/index.php/2013-03-31-11-03-19/cruise_offers/331-??????????_???????_2015.html,/index.php/2013-03-31-11-03-19/cruise_offers/331-??????????_???????_2015.html,MERGE+301,/air-tickets/,Article 'Προορισμοί από Κέρκυρα για το 2015' merged into its cluster hub,high
http://kotsistravel.gr/index.php/2013-03-31-11-03-19/cruises_north_europe/300-????_??????????_???????.html,/index.php/component/k2/300-ρωμη_αεροδρομιο_κερκυρα.html,MERGE+301,/air-tickets/airlines/,Article 'ΚΕΡΚΥΡΑ - ΡΩΜΗ ΑΠΟ 65€' merged into its cluster hub,high
http://kotsistravel.gr/index.php/2013-03-31-11-03-19/cruises_north_europe.html,/index.php/2013-03-31-11-03-19/cruises_north_europe.html,301,/cruises/northern-europe/,Northern Europe cruise category,high
http://kotsistravel.gr/index.php/2013-03-31-11-03-19/cruises_north_europe/304-???????????_?????.html,/index.php/2013-03-31-11-03-19/cruises_north_europe/304-???????????_?????.html,MERGE+301,/air-tickets/,Article 'ΘΕΣΣΑΛΟΝΙΚΗ - ΧΑΝΙΑ' merged into its cluster hub,high
http://kotsistravel.gr/index.php/2013-03-31-11-03-19/cruises_north_europe/302-???????_???????????_?????????.html,/index.php/component/k2/302-μπλονια_θεσσαλονικη_εισιτηρια.html,MERGE+301,/air-tickets/airlines/,Article 'ΜΠΟΛΟΝΙΑ ΑΠΟ ΘΕΣΣΑΛΟΝΙΚΗ' merged into its cluster hub,high
http://kotsistravel.gr/index.php/2013-03-31-11-03-19/cruises_north_europe/301-??????-???-???????.html,/index.php/component/k2/301-μιλανο-απο-κερκυρα.html,MERGE+301,/air-tickets/airlines/,Article 'ΜΙΛΑΝΟ ΑΠΟ ΚΕΡΚΥΡΑ' merged into its cluster hub,high
http://kotsistravel.gr/index.php/2013-03-31-11-03-19/cruises_north_europe/308-?????_?????.html,/index.php/2013-03-31-11-03-19/cruises_north_europe/308-?????_?????.html,MERGE+301,/air-tickets/,Article 'ΠΑΤΡΑ - ΠΑΦΟΣ' merged into its cluster hub,high
http://kotsistravel.gr/index.php/2013-03-31-11-03-19/cruises_north_europe/309-aegean_airlines.html,/index.php/2013-03-31-11-03-19/cruises_north_europe/309-aegean_airlines.html,MERGE+301,/air-tickets/airlines/,Article 'Aegean Airlines' merged into its cluster hub,high
http://kotsistravel.gr/index.php/2013-03-31-11-03-19/cruises_north_europe/311-??????_???????_??_?????????.html,/index.php/2013-03-31-11-03-19/cruises_north_europe/311-??????_???????_??_?????????.html,MERGE+301,/air-tickets/,Article 'Βόρεια Αμερική με επιστροφή' merged into its cluster hub,high
http://kotsistravel.gr/index.php/2013-03-31-11-03-19/cruises_north_europe/314-??????_???_?????????.html,/index.php/2013-03-31-11-03-19/cruises_north_europe/314-??????_???_?????????.html,MERGE+301,/holiday-packages/,Article 'Ελλάδα και Εξωτερικο' merged into its cluster hub,high
http://kotsistravel.gr/index.php/2013-03-31-11-03-19/cruises_north_europe/315-aegean.html,/index.php/2013-03-31-11-03-19/cruises_north_europe/315-aegean.html,MERGE+301,/air-tickets/airlines/,Article 'Aegean' merged into its cluster hub,high
http://kotsistravel.gr/index.php/2013-03-31-11-03-19/cruises_north_europe/331-??????????_???????_2015.html,/index.php/2013-03-31-11-03-19/cruises_north_europe/331-??????????_???????_2015.html,MERGE+301,/air-tickets/,Article 'Προορισμοί από Κέρκυρα για το 2015' merged into its cluster hub,high
http://kotsistravel.gr/index.php/2013-03-31-11-03-19/exotic_cruises.html,/index.php/2013-03-31-11-03-19/exotic_cruises.html,301,/cruises/exotic/,Exotic cruise category,high
http://kotsistravel.gr/index.php/2013-03-31-11-03-19/exotic_cruises/301-??????-???-???????.html,/index.php/component/k2/301-μιλανο-απο-κερκυρα.html,MERGE+301,/air-tickets/airlines/,Article 'ΜΙΛΑΝΟ ΑΠΟ ΚΕΡΚΥΡΑ' merged into its cluster hub,high
http://kotsistravel.gr/index.php/2013-03-31-11-03-19/exotic_cruises.html?start=9,/index.php/2013-03-31-11-03-19/exotic_cruises.html,301,/cruises/exotic/,Paginated category view; folds into its hub,high
http://kotsistravel.gr/index.php/2013-03-31-11-03-19/exotic_cruises/300-????_??????????_???????.html,/index.php/component/k2/300-ρωμη_αεροδρομιο_κερκυρα.html,MERGE+301,/air-tickets/airlines/,Article 'ΚΕΡΚΥΡΑ - ΡΩΜΗ ΑΠΟ 65€' merged into its cluster hub,high
http://kotsistravel.gr/index.php/2013-03-31-11-03-19/exotic_cruises/304-???????????_?????.html,/index.php/2013-03-31-11-03-19/exotic_cruises/304-???????????_?????.html,MERGE+301,/air-tickets/,Article 'ΘΕΣΣΑΛΟΝΙΚΗ - ΧΑΝΙΑ' merged into its cluster hub,high
http://kotsistravel.gr/index.php/2013-03-31-11-03-19/exotic_cruises/302-???????_???????????_?????????.html,/index.php/component/k2/302-μπλονια_θεσσαλονικη_εισιτηρια.html,MERGE+301,/air-tickets/airlines/,Article 'ΜΠΟΛΟΝΙΑ ΑΠΟ ΘΕΣΣΑΛΟΝΙΚΗ' merged into its cluster hub,high
http://kotsistravel.gr/index.php/2013-03-31-11-03-19/exotic_cruises/309-aegean_airlines.html,/index.php/2013-03-31-11-03-19/exotic_cruises/309-aegean_airlines.html,MERGE+301,/air-tickets/airlines/,Article 'Aegean Airlines' merged into its cluster hub,high
http://kotsistravel.gr/index.php/2013-03-31-11-03-19/exotic_cruises/308-?????_?????.html,/index.php/2013-03-31-11-03-19/exotic_cruises/308-?????_?????.html,MERGE+301,/air-tickets/,Article 'ΠΑΤΡΑ - ΠΑΦΟΣ' merged into its cluster hub,high
http://kotsistravel.gr/index.php/2013-03-31-11-03-19/exotic_cruises/311-??????_???????_??_?????????.html,/index.php/2013-03-31-11-03-19/exotic_cruises/311-??????_???????_??_?????????.html,MERGE+301,/air-tickets/,Article 'Βόρεια Αμερική με επιστροφή' merged into its cluster hub,high
http://kotsistravel.gr/index.php/2013-03-31-11-03-19/exotic_cruises/314-??????_???_?????????.html,/index.php/2013-03-31-11-03-19/exotic_cruises/314-??????_???_?????????.html,MERGE+301,/holiday-packages/,Article 'Ελλάδα και Εξωτερικο' merged into its cluster hub,high
http://kotsistravel.gr/index.php/2013-03-31-11-03-19/exotic_cruises/315-aegean.html,/index.php/2013-03-31-11-03-19/exotic_cruises/315-aegean.html,MERGE+301,/air-tickets/airlines/,Article 'Aegean' merged into its cluster hub,high
http://kotsistravel.gr/index.php/2013-03-31-11-03-19/exotic_cruises/content/23-highlights.html,/index.php/2013-03-31-11-03-19/exotic_cruises/content/23-highlights.html,MERGE+301,/honeymoon/,Article 'Αγ. Μαυρίκιος' merged into its cluster hub,high
http://kotsistravel.gr/index.php/2013-03-31-11-03-19/krouazieres_aigaio.html,/index.php/2013-03-31-11-03-19/krouazieres_aigaio.html,301,/cruises/aegean/,Aegean cruise category,high
http://kotsistravel.gr/index.php/2013-03-31-11-03-19/exotic_cruises/331-??????????_???????_2015.html,/index.php/2013-03-31-11-03-19/exotic_cruises/331-??????????_???????_2015.html,MERGE+301,/air-tickets/,Article 'Προορισμοί από Κέρκυρα για το 2015' merged into its cluster hub,high
http://kotsistravel.gr/index.php/2013-03-31-11-03-19/krouazieres_aigaio.html?start=18,/index.php/2013-03-31-11-03-19/krouazieres_aigaio.html,301,/cruises/aegean/,Paginated category view; folds into its hub,high
http://kotsistravel.gr/index.php/2013-03-31-11-03-19/krouazieres_aigaio.html?start=9,/index.php/2013-03-31-11-03-19/krouazieres_aigaio.html,301,/cruises/aegean/,Paginated category view; folds into its hub,high
http://kotsistravel.gr/index.php/2013-03-31-11-03-19/krouazieres_aigaio/302-???????_???????????_?????????.html,/index.php/component/k2/302-μπλονια_θεσσαλονικη_εισιτηρια.html,MERGE+301,/air-tickets/airlines/,Article 'ΜΠΟΛΟΝΙΑ ΑΠΟ ΘΕΣΣΑΛΟΝΙΚΗ' merged into its cluster hub,high
http://kotsistravel.gr/index.php/2013-03-31-11-03-19/krouazieres_aigaio/300-????_??????????_???????.html,/index.php/component/k2/300-ρωμη_αεροδρομιο_κερκυρα.html,MERGE+301,/air-tickets/airlines/,Article 'ΚΕΡΚΥΡΑ - ΡΩΜΗ ΑΠΟ 65€' merged into its cluster hub,high
http://kotsistravel.gr/index.php/2013-03-31-11-03-19/krouazieres_aigaio/301-??????-???-???????.html,/index.php/component/k2/301-μιλανο-απο-κερκυρα.html,MERGE+301,/air-tickets/airlines/,Article 'ΜΙΛΑΝΟ ΑΠΟ ΚΕΡΚΥΡΑ' merged into its cluster hub,high
http://kotsistravel.gr/index.php/2013-03-31-11-03-19/krouazieres_aigaio/308-?????_?????.html,/index.php/2013-03-31-11-03-19/krouazieres_aigaio/308-?????_?????.html,MERGE+301,/air-tickets/,Article 'ΠΑΤΡΑ - ΠΑΦΟΣ' merged into its cluster hub,high
http://kotsistravel.gr/index.php/2013-03-31-11-03-19/krouazieres_aigaio/304-???????????_?????.html,/index.php/2013-03-31-11-03-19/krouazieres_aigaio/304-???????????_?????.html,MERGE+301,/air-tickets/,Article 'ΘΕΣΣΑΛΟΝΙΚΗ - ΧΑΝΙΑ' merged into its cluster hub,high
http://kotsistravel.gr/index.php/2013-03-31-11-03-19/krouazieres_aigaio/309-aegean_airlines.html,/index.php/2013-03-31-11-03-19/krouazieres_aigaio/309-aegean_airlines.html,MERGE+301,/air-tickets/airlines/,Article 'Aegean Airlines' merged into its cluster hub,high
http://kotsistravel.gr/index.php/2013-03-31-11-03-19/krouazieres_aigaio/311-??????_???????_??_?????????.html,/index.php/2013-03-31-11-03-19/krouazieres_aigaio/311-??????_???????_??_?????????.html,MERGE+301,/air-tickets/,Article 'Βόρεια Αμερική με επιστροφή' merged into its cluster hub,high
http://kotsistravel.gr/index.php/2013-03-31-11-03-19/krouazieres_aigaio/314-??????_???_?????????.html,/index.php/2013-03-31-11-03-19/krouazieres_aigaio/314-??????_???_?????????.html,MERGE+301,/holiday-packages/,Article 'Ελλάδα και Εξωτερικο' merged into its cluster hub,high
http://kotsistravel.gr/index.php/2013-03-31-11-03-19/krouazieres_aigaio/331-??????????_???????_2015.html,/index.php/2013-03-31-11-03-19/krouazieres_aigaio/331-??????????_???????_2015.html,MERGE+301,/air-tickets/,Article 'Προορισμοί από Κέρκυρα για το 2015' merged into its cluster hub,high
http://kotsistravel.gr/index.php/2013-03-31-11-03-19/krouazieres_aigaio/315-aegean.html,/index.php/2013-03-31-11-03-19/krouazieres_aigaio/315-aegean.html,MERGE+301,/air-tickets/airlines/,Article 'Aegean' merged into its cluster hub,high
http://kotsistravel.gr/index.php/2013-03-31-11-03-19/krouazieres_oloi_oi_proorismoi.html?start=18,/index.php/2013-03-31-11-03-19/krouazieres_oloi_oi_proorismoi.html,301,/cruises/,Paginated category view; folds into its hub,high
http://kotsistravel.gr/index.php/2013-03-31-11-03-19/krouazieres_oloi_oi_proorismoi.html?start=27,/index.php/2013-03-31-11-03-19/krouazieres_oloi_oi_proorismoi.html,301,/cruises/,Paginated category view; folds into its hub,high
http://kotsistravel.gr/index.php/2013-03-31-11-03-19/krouazieres_oloi_oi_proorismoi.html,/index.php/2013-03-31-11-03-19/krouazieres_oloi_oi_proorismoi.html,301,/cruises/,Cruise section root,high
http://kotsistravel.gr/index.php/2013-03-31-11-03-19/krouazieres_oloi_oi_proorismoi.html?start=45,/index.php/2013-03-31-11-03-19/krouazieres_oloi_oi_proorismoi.html,301,/cruises/,Paginated category view; folds into its hub,high
http://kotsistravel.gr/index.php/2013-03-31-11-03-19/krouazieres_oloi_oi_proorismoi.html?start=36,/index.php/2013-03-31-11-03-19/krouazieres_oloi_oi_proorismoi.html,301,/cruises/,Paginated category view; folds into its hub,high
http://kotsistravel.gr/index.php/2013-03-31-11-03-19/krouazieres_oloi_oi_proorismoi.html?start=9,/index.php/2013-03-31-11-03-19/krouazieres_oloi_oi_proorismoi.html,301,/cruises/,Paginated category view; folds into its hub,high
http://kotsistravel.gr/index.php/2013-03-31-11-03-19/krouazieres_oloi_oi_proorismoi/185-??????-?????????.html,/index.php/2013-03-31-11-03-19/krouazieres_oloi_oi_proorismoi/185-κόλπος-παγετώνων.html,MERGE+301,/cruises/,Article 'Κόλπος Παγετώνων' merged into its cluster hub,high
http://kotsistravel.gr/index.php/2013-03-31-11-03-19/krouazieres_oloi_oi_proorismoi/184-?????????-????????-??????????.html,/index.php/2013-03-31-11-03-19/krouazieres_oloi_oi_proorismoi/184-παγετώνας-χούμπαρτ-εξερεύνηση.html,MERGE+301,/cruises/,Article 'Παγετώνας Χούμπαρτ' merged into its cluster hub,high
http://kotsistravel.gr/index.php/2013-03-31-11-03-19/krouazieres_oloi_oi_proorismoi/186-?????-??????.html,/index.php/2013-03-31-11-03-19/krouazieres_oloi_oi_proorismoi/186-νότια-αλάσκα.html,MERGE+301,/cruises/,Article 'Νότια Αλάσκα' merged into its cluster hub,high
http://kotsistravel.gr/index.php/2013-03-31-11-03-19/krouazieres_oloi_oi_proorismoi/187-??????????-????????.html,/index.php/2013-03-31-11-03-19/krouazieres_oloi_oi_proorismoi/187-εξερεύνηση-παγετώνα.html,MERGE+301,/cruises/,Article 'Εξερεύνηση Παγετώνα' merged into its cluster hub,high
http://kotsistravel.gr/index.php/2013-03-31-11-03-19/krouazieres_oloi_oi_proorismoi/189-?????-???-???????????-?????????-?????.html,/index.php/2013-03-31-11-03-19/krouazieres_oloi_oi_proorismoi/189-ηλιος-του-μεσονυκτιου-νορβηγικα-φιορδ.html,MERGE+301,/cruises/,Article 'Ήλιος του Μεσονυκτίου' merged into its cluster hub,high
http://kotsistravel.gr/index.php/2013-03-31-11-03-19/krouazieres_oloi_oi_proorismoi/188-??????-??????.html,/index.php/2013-03-31-11-03-19/krouazieres_oloi_oi_proorismoi/188-βόρεια-αλάσκα.html,MERGE+301,/cruises/,Article 'Βόρεια Αλάσκα' merged into its cluster hub,high
http://kotsistravel.gr/index.php/2013-03-31-11-03-19/krouazieres_oloi_oi_proorismoi/190-???????????-????????.html,/index.php/2013-03-31-11-03-19/krouazieres_oloi_oi_proorismoi/190-πρωτεύουσες-βαλτικής.html,MERGE+301,/cruises/,Article 'Πρωτεύουσες Βαλτικής' merged into its cluster hub,high
http://kotsistravel.gr/index.php/2013-03-31-11-03-19/krouazieres_oloi_oi_proorismoi/205-?????-???-?????????.html,/index.php/2013-03-31-11-03-19/krouazieres_oloi_oi_proorismoi/205-ταϊτή-και-πολυνησία.html,301,/cruises/,Cruise section root,high
http://kotsistravel.gr/index.php/2013-03-31-11-03-19/krouazieres_oloi_oi_proorismoi/197-?????????-??????-?????????.html,/index.php/2013-03-31-11-03-19/krouazieres_oloi_oi_proorismoi/197-ανατολικη-δυτικη-καραιβικη.html,MERGE+301,/cruises/,Article 'Ανατολική και Δυτική Καραϊβική' merged into its cluster hub,high
http://kotsistravel.gr/index.php/2013-03-31-11-03-19/krouazieres_oloi_oi_proorismoi/210-?????????.html,/index.php/2013-03-31-11-03-19/krouazieres_oloi_oi_proorismoi/210-καραϊβική.html,301,/cruises/,Cruise section root,high
http://kotsistravel.gr/index.php/2013-03-31-11-03-19/krouazieres_oloi_oi_proorismoi/206-??????????-???????.html,/index.php/2013-03-31-11-03-19/krouazieres_oloi_oi_proorismoi/206-μεξικάνικη-ριβιέρα.html,301,/cruises/,Cruise section root,high
http://kotsistravel.gr/index.php/2013-03-31-11-03-19/krouazieres_oloi_oi_proorismoi/207-?????????-???-????????.html,/index.php/2013-03-31-11-03-19/krouazieres_oloi_oi_proorismoi/207-αυστραλία-νέα-ζηλανδία.html,301,/cruises/,Cruise section root,high
http://kotsistravel.gr/index.php/2013-03-31-11-03-19/krouazieres_oloi_oi_proorismoi/212-???????-?????????-?????????.html,/index.php/2013-03-31-11-03-19/krouazieres_oloi_oi_proorismoi/212-εξωτική-ανατολική-καραϊβική.html,301,/cruises/,Cruise section root,high
http://kotsistravel.gr/index.php/2013-03-31-11-03-19/krouazieres_oloi_oi_proorismoi/214-??????-?????????.html,/index.php/2013-03-31-11-03-19/krouazieres_oloi_oi_proorismoi/214-δυτική-καραϊβική.html,301,/cruises/,Cruise section root,high
http://kotsistravel.gr/index.php/2013-03-31-11-03-19/krouazieres_oloi_oi_proorismoi/216-?????-?????????.html,/index.php/2013-03-31-11-03-19/krouazieres_oloi_oi_proorismoi/216-νότια-καραϊβική.html,301,/cruises/,Cruise section root,high
http://kotsistravel.gr/index.php/2013-03-31-11-03-19/krouazieres_oloi_oi_proorismoi/215-???????-??????-?????????.html,/index.php/2013-03-31-11-03-19/krouazieres_oloi_oi_proorismoi/215-εξωτική-δυτική-καραϊβική.html,301,/cruises/,Cruise section root,high
http://kotsistravel.gr/index.php/2013-03-31-11-03-19/krouazieres_oloi_oi_proorismoi/217-???????-?????-?????????.html,/index.php/2013-03-31-11-03-19/krouazieres_oloi_oi_proorismoi/217-εξωτική-νότια-καραϊβική.html,301,/cruises/,Cruise section root,high
http://kotsistravel.gr/index.php/2013-03-31-11-03-19/krouazieres_oloi_oi_proorismoi/301-??????-???-???????.html,/index.php/component/k2/301-μιλανο-απο-κερκυρα.html,MERGE+301,/air-tickets/airlines/,Article 'ΜΙΛΑΝΟ ΑΠΟ ΚΕΡΚΥΡΑ' merged into its cluster hub,high
http://kotsistravel.gr/index.php/2013-03-31-11-03-19/krouazieres_oloi_oi_proorismoi/300-????_??????????_???????.html,/index.php/component/k2/300-ρωμη_αεροδρομιο_κερκυρα.html,MERGE+301,/air-tickets/airlines/,Article 'ΚΕΡΚΥΡΑ - ΡΩΜΗ ΑΠΟ 65€' merged into its cluster hub,high
http://kotsistravel.gr/index.php/2013-03-31-11-03-19/krouazieres_oloi_oi_proorismoi/302-???????_???????????_?????????.html,/index.php/component/k2/302-μπλονια_θεσσαλονικη_εισιτηρια.html,MERGE+301,/air-tickets/airlines/,Article 'ΜΠΟΛΟΝΙΑ ΑΠΟ ΘΕΣΣΑΛΟΝΙΚΗ' merged into its cluster hub,high
http://kotsistravel.gr/index.php/2013-03-31-11-03-19/krouazieres_oloi_oi_proorismoi/308-?????_?????.html,/index.php/2013-03-31-11-03-19/krouazieres_oloi_oi_proorismoi/308-?????_?????.html,MERGE+301,/air-tickets/,Article 'ΠΑΤΡΑ - ΠΑΦΟΣ' merged into its cluster hub,high
http://kotsistravel.gr/index.php/2013-03-31-11-03-19/krouazieres_oloi_oi_proorismoi/304-???????????_?????.html,/index.php/2013-03-31-11-03-19/krouazieres_oloi_oi_proorismoi/304-???????????_?????.html,MERGE+301,/air-tickets/,Article 'ΘΕΣΣΑΛΟΝΙΚΗ - ΧΑΝΙΑ' merged into its cluster hub,high
http://kotsistravel.gr/index.php/2013-03-31-11-03-19/krouazieres_oloi_oi_proorismoi/311-??????_???????_??_?????????.html,/index.php/2013-03-31-11-03-19/krouazieres_oloi_oi_proorismoi/311-??????_???????_??_?????????.html,MERGE+301,/air-tickets/,Article 'Βόρεια Αμερική με επιστροφή' merged into its cluster hub,high
http://kotsistravel.gr/index.php/2013-03-31-11-03-19/krouazieres_oloi_oi_proorismoi/309-aegean_airlines.html,/index.php/2013-03-31-11-03-19/krouazieres_oloi_oi_proorismoi/309-aegean_airlines.html,MERGE+301,/air-tickets/airlines/,Article 'Aegean Airlines' merged into its cluster hub,high
http://kotsistravel.gr/index.php/2013-03-31-11-03-19/krouazieres_oloi_oi_proorismoi/315-aegean.html,/index.php/2013-03-31-11-03-19/krouazieres_oloi_oi_proorismoi/315-aegean.html,MERGE+301,/air-tickets/airlines/,Article 'Aegean' merged into its cluster hub,high
http://kotsistravel.gr/index.php/2013-03-31-11-03-19/krouazieres_oloi_oi_proorismoi/314-??????_???_?????????.html,/index.php/2013-03-31-11-03-19/krouazieres_oloi_oi_proorismoi/314-??????_???_?????????.html,MERGE+301,/holiday-packages/,Article 'Ελλάδα και Εξωτερικο' merged into its cluster hub,high
http://kotsistravel.gr/index.php/2013-03-31-11-03-19/krouazieres_oloi_oi_proorismoi/319-??????????-???-??????????-???-???????.html,/index.php/2013-03-31-11-03-19/krouazieres_oloi_oi_proorismoi/319-??????????-???-??????????-???-???????.html,301,/cruises/,Cruise section root,high
http://kotsistravel.gr/index.php/2013-03-31-11-03-19/krouazieres_oloi_oi_proorismoi/320-???????-????????????.html,/index.php/2013-03-31-11-03-19/krouazieres_oloi_oi_proorismoi/320-???????-????????????.html,301,/cruises/,Cruise section root,high
http://kotsistravel.gr/index.php/2013-03-31-11-03-19/krouazieres_oloi_oi_proorismoi/321-?????-?????-??????-???-???????.html,/index.php/2013-03-31-11-03-19/krouazieres_oloi_oi_proorismoi/321-?????-?????-??????-???-???????.html,301,/cruises/,Cruise section root,high
http://kotsistravel.gr/index.php/2013-03-31-11-03-19/krouazieres_oloi_oi_proorismoi/322-??????????-?????-??????.html,/index.php/2013-03-31-11-03-19/krouazieres_oloi_oi_proorismoi/322-??????????-?????-??????.html,301,/cruises/,Cruise section root,high
http://kotsistravel.gr/index.php/2013-03-31-11-03-19/krouazieres_oloi_oi_proorismoi/322-,/index.php/2013-03-31-11-03-19/krouazieres_oloi_oi_proorismoi/322-,301,/cruises/,Cruise section root,high
http://kotsistravel.gr/index.php/2013-03-31-11-03-19/krouazieres_oloi_oi_proorismoi/322-??????????-?????-??????.html?tmpl=component&print=1,/index.php/2013-03-31-11-03-19/krouazieres_oloi_oi_proorismoi/322-??????????-?????-??????.html,410,,Print view of an article; duplicate of the canonical page,high
http://kotsistravel.gr/index.php/2013-03-31-11-03-19/krouazieres_oloi_oi_proorismoi/323-,/index.php/2013-03-31-11-03-19/krouazieres_oloi_oi_proorismoi/323-,301,/cruises/,Cruise section root,high
http://kotsistravel.gr/index.php/2013-03-31-11-03-19/krouazieres_oloi_oi_proorismoi/323-????????-?????????-?????-???-???????.html,/index.php/2013-03-31-11-03-19/krouazieres_oloi_oi_proorismoi/323-????????-?????????-?????-???-???????.html,301,/cruises/,Cruise section root,high
http://kotsistravel.gr/index.php/2013-03-31-11-03-19/krouazieres_oloi_oi_proorismoi/324-????????-???-?????????-???-???????.html,/index.php/2013-03-31-11-03-19/krouazieres_oloi_oi_proorismoi/324-????????-???-?????????-???-???????.html,301,/cruises/,Cruise section root,high
http://kotsistravel.gr/index.php/2013-03-31-11-03-19/krouazieres_oloi_oi_proorismoi/324-,/index.php/2013-03-31-11-03-19/krouazieres_oloi_oi_proorismoi/324-,301,/cruises/,Cruise section root,high
http://kotsistravel.gr/index.php/2013-03-31-11-03-19/krouazieres_oloi_oi_proorismoi/323-????????-?????????-?????-???-???????.html?tmpl=component&print=1,/index.php/2013-03-31-11-03-19/krouazieres_oloi_oi_proorismoi/323-????????-?????????-?????-???-???????.html,410,,Print view of an article; duplicate of the canonical page,high
http://kotsistravel.gr/index.php/2013-03-31-11-03-19/krouazieres_oloi_oi_proorismoi/326-,/index.php/2013-03-31-11-03-19/krouazieres_oloi_oi_proorismoi/326-,301,/cruises/,Cruise section root,high
http://kotsistravel.gr/index.php/2013-03-31-11-03-19/krouazieres_oloi_oi_proorismoi/324-????????-???-?????????-???-???????.html?tmpl=component&print=1,/index.php/2013-03-31-11-03-19/krouazieres_oloi_oi_proorismoi/324-????????-???-?????????-???-???????.html,410,,Print view of an article; duplicate of the canonical page,high
http://kotsistravel.gr/index.php/2013-03-31-11-03-19/krouazieres_oloi_oi_proorismoi/326-??????-??????-???-????????.html?tmpl=component&print=1,/index.php/2013-03-31-11-03-19/krouazieres_oloi_oi_proorismoi/326-??????-??????-???-????????.html,410,,Print view of an article; duplicate of the canonical page,high
http://kotsistravel.gr/index.php/2013-03-31-11-03-19/krouazieres_oloi_oi_proorismoi/326-??????-??????-???-????????.html,/index.php/2013-03-31-11-03-19/krouazieres_oloi_oi_proorismoi/326-??????-??????-???-????????.html,301,/cruises/,Cruise section root,high
http://kotsistravel.gr/index.php/2013-03-31-11-03-19/krouazieres_oloi_oi_proorismoi/331-??????????_???????_2015.html,/index.php/2013-03-31-11-03-19/krouazieres_oloi_oi_proorismoi/331-??????????_???????_2015.html,MERGE+301,/air-tickets/,Article 'Προορισμοί από Κέρκυρα για το 2015' merged into its cluster hub,high
http://kotsistravel.gr/index.php/2013-03-31-11-03-19/krouazieres_oloi_oi_proorismoi/332-7??????-???????????-????????-emerald-princess.html,/index.php/2013-03-31-11-03-19/krouazieres_oloi_oi_proorismoi/332-7??????-???????????-????????-emerald-princess.html,301,/cruises/,Cruise section root,high
http://kotsistravel.gr/index.php/2013-03-31-11-03-19/krouazieres_oloi_oi_proorismoi/332-7??????-???????????-????????-emerald-princess.html?tmpl=component&print=1,/index.php/2013-03-31-11-03-19/krouazieres_oloi_oi_proorismoi/332-7??????-???????????-????????-emerald-princess.html,410,,Print view of an article; duplicate of the canonical page,high
http://kotsistravel.gr/index.php/2013-03-31-11-03-19/krouazieres_oloi_oi_proorismoi/333-,/index.php/2013-03-31-11-03-19/krouazieres_oloi_oi_proorismoi/333-,301,/cruises/,Cruise section root,high
http://kotsistravel.gr/index.php/2013-03-31-11-03-19/krouazieres_oloi_oi_proorismoi/333-????????????????-????????-?????-???????.html,/index.php/2013-03-31-11-03-19/krouazieres_oloi_oi_proorismoi/333-????????????????-????????-?????-???????.html,301,/cruises/,Cruise section root,high
http://kotsistravel.gr/index.php/2013-03-31-11-03-19/krouazieres_oloi_oi_proorismoi/333-????????????????-????????-?????-???????.html?tmpl=component&print=1,/index.php/2013-03-31-11-03-19/krouazieres_oloi_oi_proorismoi/333-????????????????-????????-?????-???????.html,410,,Print view of an article; duplicate of the canonical page,high
http://kotsistravel.gr/index.php/2013-03-31-11-03-19/krouazieres_oloi_oi_proorismoi/38-?????????-?????????.html,/index.php/2013-03-31-11-03-19/krouazieres_oloi_oi_proorismoi/38-ανατολική-καραϊβική.html,MERGE+301,/cruises/,Article 'Ανατολική Καραϊβική' merged into its cluster hub,high
http://kotsistravel.gr/index.php/2013-03-31-11-03-19/krouazieres_oloi_oi_proorismoi/39-??????-?????????.html,/index.php/2013-03-31-11-03-19/krouazieres_oloi_oi_proorismoi/39-δυτική-καραϊβική.html,MERGE+301,/cruises/,Article 'Δυτική Καραϊβική' merged into its cluster hub,high
http://kotsistravel.gr/index.php/2013-03-31-11-03-19/krouazieres_oloi_oi_proorismoi/92-??????????-??????.html,/index.php/offset/92-european-insurance-card.html,301,/travel-guides/european-health-insurance-card/,Article 'Νορβηγικοί Θρύλοι' has a dedicated page,high
http://kotsistravel.gr/index.php/2013-03-31-11-03-19/kroyazieres_mesogeios.html,/index.php/2013-03-31-11-03-19/kroyazieres_mesogeios.html,301,/cruises/mediterranean/,Mediterranean cruise category,high
http://kotsistravel.gr/index.php/2013-03-31-11-03-19/kroyazieres_mesogeios.html?start=18,/index.php/2013-03-31-11-03-19/kroyazieres_mesogeios.html,301,/cruises/mediterranean/,Paginated category view; folds into its hub,high
http://kotsistravel.gr/index.php/2013-03-31-11-03-19/kroyazieres_mesogeios.html?start=9,/index.php/2013-03-31-11-03-19/kroyazieres_mesogeios.html,301,/cruises/mediterranean/,Paginated category view; folds into its hub,high
http://kotsistravel.gr/index.php/2013-03-31-11-03-19/kroyazieres_mesogeios/300-????_??????????_???????.html,/index.php/component/k2/300-ρωμη_αεροδρομιο_κερκυρα.html,MERGE+301,/air-tickets/airlines/,Article 'ΚΕΡΚΥΡΑ - ΡΩΜΗ ΑΠΟ 65€' merged into its cluster hub,high
http://kotsistravel.gr/index.php/2013-03-31-11-03-19/kroyazieres_mesogeios/301-??????-???-???????.html,/index.php/component/k2/301-μιλανο-απο-κερκυρα.html,MERGE+301,/air-tickets/airlines/,Article 'ΜΙΛΑΝΟ ΑΠΟ ΚΕΡΚΥΡΑ' merged into its cluster hub,high
http://kotsistravel.gr/index.php/2013-03-31-11-03-19/kroyazieres_mesogeios/304-???????????_?????.html,/index.php/2013-03-31-11-03-19/kroyazieres_mesogeios/304-???????????_?????.html,MERGE+301,/air-tickets/,Article 'ΘΕΣΣΑΛΟΝΙΚΗ - ΧΑΝΙΑ' merged into its cluster hub,high
http://kotsistravel.gr/index.php/2013-03-31-11-03-19/kroyazieres_mesogeios/302-???????_???????????_?????????.html,/index.php/component/k2/302-μπλονια_θεσσαλονικη_εισιτηρια.html,MERGE+301,/air-tickets/airlines/,Article 'ΜΠΟΛΟΝΙΑ ΑΠΟ ΘΕΣΣΑΛΟΝΙΚΗ' merged into its cluster hub,high
http://kotsistravel.gr/index.php/2013-03-31-11-03-19/kroyazieres_mesogeios/308-?????_?????.html,/index.php/2013-03-31-11-03-19/kroyazieres_mesogeios/308-?????_?????.html,MERGE+301,/air-tickets/,Article 'ΠΑΤΡΑ - ΠΑΦΟΣ' merged into its cluster hub,high
http://kotsistravel.gr/index.php/2013-03-31-11-03-19/kroyazieres_mesogeios/309-aegean_airlines.html,/index.php/2013-03-31-11-03-19/kroyazieres_mesogeios/309-aegean_airlines.html,MERGE+301,/air-tickets/airlines/,Article 'Aegean Airlines' merged into its cluster hub,high
http://kotsistravel.gr/index.php/2013-03-31-11-03-19/kroyazieres_mesogeios/311-??????_???????_??_?????????.html,/index.php/2013-03-31-11-03-19/kroyazieres_mesogeios/311-??????_???????_??_?????????.html,MERGE+301,/air-tickets/,Article 'Βόρεια Αμερική με επιστροφή' merged into its cluster hub,high
http://kotsistravel.gr/index.php/2013-03-31-11-03-19/kroyazieres_mesogeios/314-??????_???_?????????.html,/index.php/2013-03-31-11-03-19/kroyazieres_mesogeios/314-??????_???_?????????.html,MERGE+301,/holiday-packages/,Article 'Ελλάδα και Εξωτερικο' merged into its cluster hub,high
http://kotsistravel.gr/index.php/2013-03-31-11-03-19/kroyazieres_mesogeios/315-aegean.html,/index.php/2013-03-31-11-03-19/kroyazieres_mesogeios/315-aegean.html,MERGE+301,/air-tickets/airlines/,Article 'Aegean' merged into its cluster hub,high
http://kotsistravel.gr/index.php/2013-03-31-11-03-19/kroyazieres_mesogeios/331-??????????_???????_2015.html,/index.php/2013-03-31-11-03-19/kroyazieres_mesogeios/331-??????????_???????_2015.html,MERGE+301,/air-tickets/,Article 'Προορισμοί από Κέρκυρα για το 2015' merged into its cluster hub,high
http://kotsistravel.gr/index.php/??????????/2013-03-30-11-24-40/anek_superfast.html,/index.php/ακτοπλοϊκα/2013-03-30-11-24-40/anek_superfast.html,301,/ferries/companies/superfast-ferries/,Superfast / ANEK consortium,high
http://kotsistravel.gr/index.php/??????????/2013-03-30-11-24-40/anek_lines.html,/index.php/ακτοπλοϊκα/2013-03-30-11-24-40/anek_lines.html,301,/ferries/companies/superfast-ferries/,Superfast / ANEK consortium,high
http://kotsistravel.gr/index.php/??????????/2013-03-30-11-24-40/grimaldi_lines.html,/index.php/ακτοπλοϊκα/2013-03-30-11-24-40/grimaldi_lines.html,301,/ferries/companies/grimaldi-lines/,Grimaldi Lines,high
http://kotsistravel.gr/index.php/??????????/2013-03-30-11-24-40/minoan_lines.html,/index.php/ακτοπλοϊκα/2013-03-30-11-24-40/minoan_lines.html,301,/ferries/companies/minoan-lines/,Minoan Lines,high
http://kotsistravel.gr/index.php/??????????/2013-03-30-11-24-40/superfast_ferries.html,/index.php/ακτοπλοϊκα/2013-03-30-11-24-40/superfast_ferries.html,301,/ferries/companies/superfast-ferries/,Superfast / ANEK consortium,high
http://kotsistravel.gr/index.php/??????????/???????-???????????/adriatic_fleet.html,/index.php/ακτοπλοϊκα/γενικές-πληροφορίες/adriatic_fleet.html,301,/ferries/companies/,Adriatic fleet specs folded into companies,high
http://kotsistravel.gr/index.php/??????????/???????-???????????/adriatic_ports.html,/index.php/ακτοπλοϊκα/γενικές-πληροφορίες/adriatic_ports.html,301,/ferries/adriatic-ports/,Adriatic ports guide,high
http://kotsistravel.gr/index.php/??????????/???????-???????????/departures_from_greece_to_italy.html,/index.php/ακτοπλοϊκα/γενικές-πληροφορίες/departures_from_greece_to_italy.html,301,/ferries/greece-italy/,Greece to Italy departures,high
http://kotsistravel.gr/index.php/??????????/???????-???????????/departures_from_italy_to_greece.html,/index.php/ακτοπλοϊκα/γενικές-πληροφορίες/departures_from_italy_to_greece.html,301,/ferries/italy-greece/,Italy to Greece departures,high
http://kotsistravel.gr/index.php/??????????_???????_????????_???????.html,/index.php/ευρωπαϊκός_αριθμός_έκτακτης_ανάγκης.html,301,/travel-guides/,Emergency number article,high
http://kotsistravel.gr/index.php/???_????.html,/index.php/για_εμας.html,301,/about/,About page,high
http://kotsistravel.gr/index.php/bank-accounts.html,/index.php/bank-accounts.html,301,/payment-information/,Bank account details,high
http://kotsistravel.gr/index.php/bank-accounts.html?tmpl=component&print=1&page=,/index.php/bank-accounts.html,410,,Print view of an article; duplicate of the canonical page,high
http://kotsistravel.gr/index.php/booking-3/online_booking_air_tickets.html,/index.php/booking-3/online_booking_air_tickets.html,301,/air-tickets/,Old flight booking iframe,high
http://kotsistravel.gr/index.php/booking-3/online_booking_air_tickets.html?tmpl=component&print=1&page=,/index.php/booking-3/online_booking_air_tickets.html,410,,Print view of an article; duplicate of the canonical page,high
http://kotsistravel.gr/index.php/booking-3/online_booking_hotel_rooms.html,/index.php/booking-3/online_booking_hotel_rooms.html,301,/hotels/,Old hotel booking iframe,high
http://kotsistravel.gr/index.php/booking-3/online_booking_hotel_rooms.html?tmpl=component&print=1&page=,/index.php/booking-3/online_booking_hotel_rooms.html,410,,Print view of an article; duplicate of the canonical page,high
http://kotsistravel.gr/index.php/booking/online_booking_air_tickets.html,/index.php/booking/online_booking_air_tickets.html,301,/air-tickets/,Old flight booking iframe,high
http://kotsistravel.gr/index.php/booking/online_booking_hotel_rooms.html,/index.php/booking/online_booking_hotel_rooms.html,301,/hotels/,Old hotel booking iframe,high
http://kotsistravel.gr/index.php/component/k2/124-,/index.php/component/k2/124-,MERGE+301,/holiday-packages/,Article 'Μάντσεστερ' merged into its cluster hub,high
http://kotsistravel.gr/index.php/component/k2/124-??????????.html,/index.php/component/k2/124-μάντσεστερ.html,MERGE+301,/holiday-packages/,Article 'Μάντσεστερ' merged into its cluster hub,high
http://kotsistravel.gr/index.php/component/k2/124-??????????.html?tmpl=component&print=1,/index.php/component/k2/124-μάντσεστερ.html,410,,Print view of an article; duplicate of the canonical page,high
http://kotsistravel.gr/index.php/component/k2/125-,/index.php/component/k2/125-,MERGE+301,/holiday-packages/,Article 'Πάφος' merged into its cluster hub,high
http://kotsistravel.gr/index.php/component/k2/125-?????.html,/index.php/component/k2/125-πάφος.html,MERGE+301,/holiday-packages/,Article 'Πάφος' merged into its cluster hub,high
http://kotsistravel.gr/index.php/component/k2/26-,/index.php/component/k2/26-,MERGE+301,/honeymoon/,Article 'Ντίσελντορφ' merged into its cluster hub,high
http://kotsistravel.gr/index.php/component/k2/125-?????.html?tmpl=component&print=1,/index.php/component/k2/125-πάφος.html,410,,Print view of an article; duplicate of the canonical page,high
http://kotsistravel.gr/index.php/component/k2/26-???????????.html,/index.php/component/k2/26-ντίσελντορφ.html,MERGE+301,/honeymoon/,Article 'Ντίσελντορφ' merged into its cluster hub,high
http://kotsistravel.gr/index.php/component/k2/26-???????????.html?tmpl=component&print=1,/index.php/component/k2/26-ντίσελντορφ.html,410,,Print view of an article; duplicate of the canonical page,high
http://kotsistravel.gr/index.php/component/k2/28-??????.html,/index.php/component/k2/28-μιλάνο.html,MERGE+301,/holiday-packages/,Article 'Μιλάνο' merged into its cluster hub,high
http://kotsistravel.gr/index.php/component/k2/28-,/index.php/component/k2/28-,MERGE+301,/holiday-packages/,Article 'Μιλάνο' merged into its cluster hub,high
http://kotsistravel.gr/index.php/component/k2/29-,/index.php/component/k2/29-,MERGE+301,/holiday-packages/,Article 'Ρώμη' merged into its cluster hub,high
http://kotsistravel.gr/index.php/component/k2/28-??????.html?tmpl=component&print=1,/index.php/component/k2/28-μιλάνο.html,410,,Print view of an article; duplicate of the canonical page,high
http://kotsistravel.gr/index.php/component/k2/29-????.html,/index.php/component/k2/29-ρώμη.html,MERGE+301,/holiday-packages/,Article 'Ρώμη' merged into its cluster hub,high
http://kotsistravel.gr/index.php/component/k2/29-????.html?tmpl=component&print=1,/index.php/component/k2/29-ρώμη.html,410,,Print view of an article; duplicate of the canonical page,high
http://kotsistravel.gr/index.php/component/k2/299-aegean_airlines.html,/index.php/component/k2/299-aegean_airlines.html,MERGE+301,/air-tickets/airlines/,Article 'AEGEAN AIRLINES' merged into its cluster hub,high
http://kotsistravel.gr/index.php/component/k2/30-,/index.php/component/k2/30-,MERGE+301,/holiday-packages/,Article 'Λονδίνο' merged into its cluster hub,high
http://kotsistravel.gr/index.php/component/k2/30-???????.html,/index.php/component/k2/30-λονδίνο.html,MERGE+301,/holiday-packages/,Article 'Λονδίνο' merged into its cluster hub,high
http://kotsistravel.gr/index.php/component/k2/30-???????.html?tmpl=component&print=1,/index.php/component/k2/30-λονδίνο.html,410,,Print view of an article; duplicate of the canonical page,high
http://kotsistravel.gr/index.php/component/k2/300-,/index.php/component/k2/300-,MERGE+301,/air-tickets/airlines/,Article 'ΚΕΡΚΥΡΑ - ΡΩΜΗ ΑΠΟ 65€' merged into its cluster hub,high
http://kotsistravel.gr/index.php/component/k2/300-????_??????????_???????.html,/index.php/component/k2/300-ρωμη_αεροδρομιο_κερκυρα.html,MERGE+301,/air-tickets/airlines/,Article 'ΚΕΡΚΥΡΑ - ΡΩΜΗ ΑΠΟ 65€' merged into its cluster hub,high
http://kotsistravel.gr/index.php/component/k2/300-????_??????????_???????.html?tmpl=component&print=1,/index.php/component/k2/300-ρωμη_αεροδρομιο_κερκυρα.html,410,,Print view of an article; duplicate of the canonical page,high
http://kotsistravel.gr/index.php/component/k2/301-,/index.php/component/k2/301-,MERGE+301,/air-tickets/airlines/,Article 'ΜΙΛΑΝΟ ΑΠΟ ΚΕΡΚΥΡΑ' merged into its cluster hub,high
http://kotsistravel.gr/index.php/component/k2/301-??????-???-???????.html,/index.php/component/k2/301-μιλανο-απο-κερκυρα.html,MERGE+301,/air-tickets/airlines/,Article 'ΜΙΛΑΝΟ ΑΠΟ ΚΕΡΚΥΡΑ' merged into its cluster hub,high
http://kotsistravel.gr/index.php/component/k2/301-??????-???-???????.html?tmpl=component&print=1,/index.php/component/k2/301-μιλανο-απο-κερκυρα.html,410,,Print view of an article; duplicate of the canonical page,high
http://kotsistravel.gr/index.php/component/k2/302-,/index.php/component/k2/302-,MERGE+301,/air-tickets/airlines/,Article 'ΜΠΟΛΟΝΙΑ ΑΠΟ ΘΕΣΣΑΛΟΝΙΚΗ' merged into its cluster hub,high
http://kotsistravel.gr/index.php/component/k2/302-???????_???????????_?????????.html,/index.php/component/k2/302-μπλονια_θεσσαλονικη_εισιτηρια.html,MERGE+301,/air-tickets/airlines/,Article 'ΜΠΟΛΟΝΙΑ ΑΠΟ ΘΕΣΣΑΛΟΝΙΚΗ' merged into its cluster hub,high
http://kotsistravel.gr/index.php/component/k2/304-,/index.php/component/k2/304-,MERGE+301,/air-tickets/,Article 'ΘΕΣΣΑΛΟΝΙΚΗ - ΧΑΝΙΑ' merged into its cluster hub,high
http://kotsistravel.gr/index.php/component/k2/302-???????_???????????_?????????.html?tmpl=component&print=1,/index.php/component/k2/302-μπλονια_θεσσαλονικη_εισιτηρια.html,410,,Print view of an article; duplicate of the canonical page,high
http://kotsistravel.gr/index.php/component/k2/304-???????????_?????.html,/index.php/component/k2/304-???????????_?????.html,MERGE+301,/air-tickets/,Article 'ΘΕΣΣΑΛΟΝΙΚΗ - ΧΑΝΙΑ' merged into its cluster hub,high
http://kotsistravel.gr/index.php/component/k2/304-???????????_?????.html?tmpl=component&print=1,/index.php/component/k2/304-???????????_?????.html,410,,Print view of an article; duplicate of the canonical page,high
http://kotsistravel.gr/index.php/component/k2/308-,/index.php/component/k2/308-,MERGE+301,/air-tickets/,Article 'ΠΑΤΡΑ - ΠΑΦΟΣ' merged into its cluster hub,high
http://kotsistravel.gr/index.php/component/k2/308-?????_?????.html,/index.php/component/k2/308-?????_?????.html,MERGE+301,/air-tickets/,Article 'ΠΑΤΡΑ - ΠΑΦΟΣ' merged into its cluster hub,high
http://kotsistravel.gr/index.php/component/k2/309-aegean_airlines.html,/index.php/component/k2/309-aegean_airlines.html,MERGE+301,/air-tickets/airlines/,Article 'Aegean Airlines' merged into its cluster hub,high
http://kotsistravel.gr/index.php/component/k2/308-?????_?????.html?tmpl=component&print=1,/index.php/component/k2/308-?????_?????.html,410,,Print view of an article; duplicate of the canonical page,high
http://kotsistravel.gr/index.php/component/k2/309-aegean_airlines.html?tmpl=component&print=1,/index.php/component/k2/309-aegean_airlines.html,410,,Print view of an article; duplicate of the canonical page,high
http://kotsistravel.gr/index.php/component/k2/311-,/index.php/component/k2/311-,MERGE+301,/air-tickets/,Article 'Βόρεια Αμερική με επιστροφή' merged into its cluster hub,high
http://kotsistravel.gr/index.php/component/k2/311-??????_???????_??_?????????.html?tmpl=component&print=1,/index.php/component/k2/311-??????_???????_??_?????????.html,410,,Print view of an article; duplicate of the canonical page,high
http://kotsistravel.gr/index.php/component/k2/311-??????_???????_??_?????????.html,/index.php/component/k2/311-??????_???????_??_?????????.html,MERGE+301,/air-tickets/,Article 'Βόρεια Αμερική με επιστροφή' merged into its cluster hub,high
http://kotsistravel.gr/index.php/component/k2/314-,/index.php/component/k2/314-,MERGE+301,/holiday-packages/,Article 'Ελλάδα και Εξωτερικο' merged into its cluster hub,high
http://kotsistravel.gr/index.php/component/k2/314-??????_???_?????????.html,/index.php/component/k2/314-??????_???_?????????.html,MERGE+301,/holiday-packages/,Article 'Ελλάδα και Εξωτερικο' merged into its cluster hub,high
http://kotsistravel.gr/index.php/component/k2/314-??????_???_?????????.html?tmpl=component&print=1,/index.php/component/k2/314-??????_???_?????????.html,410,,Print view of an article; duplicate of the canonical page,high
http://kotsistravel.gr/index.php/component/k2/315-aegean.html,/index.php/component/k2/315-aegean.html,MERGE+301,/air-tickets/airlines/,Article 'Aegean' merged into its cluster hub,high
http://kotsistravel.gr/index.php/component/k2/315-aegean.html?tmpl=component&print=1,/index.php/component/k2/315-aegean.html,410,,Print view of an article; duplicate of the canonical page,high
http://kotsistravel.gr/index.php/component/k2/331-,/index.php/component/k2/331-,MERGE+301,/air-tickets/,Article 'Προορισμοί από Κέρκυρα για το 2015' merged into its cluster hub,high
http://kotsistravel.gr/index.php/component/k2/331-??????????_???????_2015.html?tmpl=component&print=1,/index.php/component/k2/331-??????????_???????_2015.html,410,,Print view of an article; duplicate of the canonical page,high
http://kotsistravel.gr/index.php/component/k2/331-??????????_???????_2015.html,/index.php/component/k2/331-??????????_???????_2015.html,MERGE+301,/air-tickets/,Article 'Προορισμοί από Κέρκυρα για το 2015' merged into its cluster hub,high
http://kotsistravel.gr/index.php/component/mailto/?tmpl=component&template=gk_league_news&link=0154c938ee69f9a7bcee63137c514b4366eea235,/index.php/component/mailto/,410,,Print view of an article; duplicate of the canonical page,high
http://kotsistravel.gr/index.php/component/mailto/?tmpl=component&template=gk_league_news&link=019e5871be7850fe397b0358cca3bf03202f953a,/index.php/component/mailto/,410,,Print view of an article; duplicate of the canonical page,high
http://kotsistravel.gr/index.php/component/mailto/?tmpl=component&template=gk_league_news&link=060efb8d924763af5cc9e773988e89fb12c4c90d,/index.php/component/mailto/,410,,Print view of an article; duplicate of the canonical page,high
http://kotsistravel.gr/index.php/component/mailto/?tmpl=component&template=gk_league_news&link=02a8e5c1c54dcf037b8ac20e64ce7f68c68b4f01,/index.php/component/mailto/,410,,Print view of an article; duplicate of the canonical page,high
http://kotsistravel.gr/index.php/component/mailto/?tmpl=component&template=gk_league_news&link=0671ec117f45f61fbe5b88e56110962133930a00,/index.php/component/mailto/,410,,Print view of an article; duplicate of the canonical page,high
http://kotsistravel.gr/index.php/component/mailto/?tmpl=component&template=gk_league_news&link=084501725769e72c54634f35481e7dd00bdbd462,/index.php/component/mailto/,410,,Print view of an article; duplicate of the canonical page,high
http://kotsistravel.gr/index.php/component/mailto/?tmpl=component&template=gk_league_news&link=093d6262962bbebfc73d86e05f5f19991a6bfe24,/index.php/component/mailto/,410,,Print view of an article; duplicate of the canonical page,high
http://kotsistravel.gr/index.php/component/mailto/?tmpl=component&template=gk_league_news&link=0efb3bf9a03082e62ef2f75aba2e37cbb2628e15,/index.php/component/mailto/,410,,Print view of an article; duplicate of the canonical page,high
http://kotsistravel.gr/index.php/component/mailto/?tmpl=component&template=gk_league_news&link=1904b5292d728c6db1e675a692acebc63f312c1e,/index.php/component/mailto/,410,,Print view of an article; duplicate of the canonical page,high
http://kotsistravel.gr/index.php/component/mailto/?tmpl=component&template=gk_league_news&link=1297ba678f29c5355e74778240cccd0f298a262f,/index.php/component/mailto/,410,,Print view of an article; duplicate of the canonical page,high
http://kotsistravel.gr/index.php/component/mailto/?tmpl=component&template=gk_league_news&link=1a4d87d1f366072b4474d581874aedc346a19959,/index.php/component/mailto/,410,,Print view of an article; duplicate of the canonical page,high
http://kotsistravel.gr/index.php/component/mailto/?tmpl=component&template=gk_league_news&link=1c798f5818b7721e686d0c9b6372db1a8748fb2a,/index.php/component/mailto/,410,,Print view of an article; duplicate of the canonical page,high
http://kotsistravel.gr/index.php/component/mailto/?tmpl=component&template=gk_league_news&link=1d64e87e52324eafb1222e049837155072e3934c,/index.php/component/mailto/,410,,Print view of an article; duplicate of the canonical page,high
http://kotsistravel.gr/index.php/component/mailto/?tmpl=component&template=gk_league_news&link=1df272840d3fcdd67d48e252ca5a923221a22b0b,/index.php/component/mailto/,410,,Print view of an article; duplicate of the canonical page,high
http://kotsistravel.gr/index.php/component/mailto/?tmpl=component&template=gk_league_news&link=1e460cd79e9fb07e88e213a0362f54e2439d62e3,/index.php/component/mailto/,410,,Print view of an article; duplicate of the canonical page,high
http://kotsistravel.gr/index.php/component/mailto/?tmpl=component&template=gk_league_news&link=1fa0d65eacf67f8639fa17e719ee504c09de387c,/index.php/component/mailto/,410,,Print view of an article; duplicate of the canonical page,high
http://kotsistravel.gr/index.php/component/mailto/?tmpl=component&template=gk_league_news&link=2144ac89d51284776311fbc1e32ae93cf8906fe3,/index.php/component/mailto/,410,,Print view of an article; duplicate of the canonical page,high
http://kotsistravel.gr/index.php/component/mailto/?tmpl=component&template=gk_league_news&link=2403376da346d18ffdbaddeabfd9fe0c528537eb,/index.php/component/mailto/,410,,Print view of an article; duplicate of the canonical page,high
http://kotsistravel.gr/index.php/component/mailto/?tmpl=component&template=gk_league_news&link=243aa37702f94d432ddc76d830df5af18d6757f6,/index.php/component/mailto/,410,,Print view of an article; duplicate of the canonical page,high
http://kotsistravel.gr/index.php/component/mailto/?tmpl=component&template=gk_league_news&link=258a479590533b0c1713b1f8aca8bdcc3c17bbb0,/index.php/component/mailto/,410,,Print view of an article; duplicate of the canonical page,high
http://kotsistravel.gr/index.php/component/mailto/?tmpl=component&template=gk_league_news&link=266ca72563c6f84249b6194885a3cd3b1886a0b3,/index.php/component/mailto/,410,,Print view of an article; duplicate of the canonical page,high
http://kotsistravel.gr/index.php/component/mailto/?tmpl=component&template=gk_league_news&link=26c6b6d1ee440384e5bd1a9a7662f51c6beadbe2,/index.php/component/mailto/,410,,Print view of an article; duplicate of the canonical page,high
http://kotsistravel.gr/index.php/component/mailto/?tmpl=component&template=gk_league_news&link=28a7a6ba1ec857b479f4eb4f1c345d6fdf188cc8,/index.php/component/mailto/,410,,Print view of an article; duplicate of the canonical page,high
http://kotsistravel.gr/index.php/component/mailto/?tmpl=component&template=gk_league_news&link=2803dcdf2d68fa6f3c6bff5d0deeca701901a062,/index.php/component/mailto/,410,,Print view of an article; duplicate of the canonical page,high
http://kotsistravel.gr/index.php/component/mailto/?tmpl=component&template=gk_league_news&link=2bd792bd1dc21de9087baf6b4e977214a212f239,/index.php/component/mailto/,410,,Print view of an article; duplicate of the canonical page,high
http://kotsistravel.gr/index.php/component/mailto/?tmpl=component&template=gk_league_news&link=2fd51d65519e88224ac24baa5967e7a4d94a044c,/index.php/component/mailto/,410,,Print view of an article; duplicate of the canonical page,high
http://kotsistravel.gr/index.php/component/mailto/?tmpl=component&template=gk_league_news&link=2fe9325a6933fa844cd98bdde246aa2023f85b62,/index.php/component/mailto/,410,,Print view of an article; duplicate of the canonical page,high
http://kotsistravel.gr/index.php/component/mailto/?tmpl=component&template=gk_league_news&link=30648f1d6a3b9c2c49104ab8e2456aadcd757f77,/index.php/component/mailto/,410,,Print view of an article; duplicate of the canonical page,high
http://kotsistravel.gr/index.php/component/mailto/?tmpl=component&template=gk_league_news&link=32db5358550420c668eb162db1003d09390821b5,/index.php/component/mailto/,410,,Print view of an article; duplicate of the canonical page,high
http://kotsistravel.gr/index.php/component/mailto/?tmpl=component&template=gk_league_news&link=3340fbcd79f77e2992c6da6982865f2e9455a467,/index.php/component/mailto/,410,,Print view of an article; duplicate of the canonical page,high
http://kotsistravel.gr/index.php/component/mailto/?tmpl=component&template=gk_league_news&link=33aee78010e0d75b888c6e47fb755ee17f2cf5f0,/index.php/component/mailto/,410,,Print view of an article; duplicate of the canonical page,high
http://kotsistravel.gr/index.php/component/mailto/?tmpl=component&template=gk_league_news&link=357b620851ec17296274d3185c9577223e1bd678,/index.php/component/mailto/,410,,Print view of an article; duplicate of the canonical page,high
http://kotsistravel.gr/index.php/component/mailto/?tmpl=component&template=gk_league_news&link=369345d4bba5d0f7c20f08c12d7e784ebeefcd0f,/index.php/component/mailto/,410,,Print view of an article; duplicate of the canonical page,high
http://kotsistravel.gr/index.php/component/mailto/?tmpl=component&template=gk_league_news&link=35ace9e57b59ca84e9862782fa044fbde8a97bf6,/index.php/component/mailto/,410,,Print view of an article; duplicate of the canonical page,high
http://kotsistravel.gr/index.php/component/mailto/?tmpl=component&template=gk_league_news&link=3d0ce83ddfb6c5ce33e37917db1b95b2a6bae90d,/index.php/component/mailto/,410,,Print view of an article; duplicate of the canonical page,high
http://kotsistravel.gr/index.php/component/mailto/?tmpl=component&template=gk_league_news&link=38dd600a825178075376a4819c2133ca3dff41b8,/index.php/component/mailto/,410,,Print view of an article; duplicate of the canonical page,high
http://kotsistravel.gr/index.php/component/mailto/?tmpl=component&template=gk_league_news&link=3e9f33fce802be5cb77de75993d99e5f1c1e8d12,/index.php/component/mailto/,410,,Print view of an article; duplicate of the canonical page,high
http://kotsistravel.gr/index.php/component/mailto/?tmpl=component&template=gk_league_news&link=3d245eca126e3a49a2d3af446fdbb56b0bee50b0,/index.php/component/mailto/,410,,Print view of an article; duplicate of the canonical page,high
http://kotsistravel.gr/index.php/component/mailto/?tmpl=component&template=gk_league_news&link=41a3be9d9d05ac4e3b2204983e438130d78bf2fa,/index.php/component/mailto/,410,,Print view of an article; duplicate of the canonical page,high
http://kotsistravel.gr/index.php/component/mailto/?tmpl=component&template=gk_league_news&link=41682b8000ca0a2b822a093cd006a192307231bf,/index.php/component/mailto/,410,,Print view of an article; duplicate of the canonical page,high
http://kotsistravel.gr/index.php/component/mailto/?tmpl=component&template=gk_league_news&link=422a9dbd5be37c6f3a910aa38895d07688982f80,/index.php/component/mailto/,410,,Print view of an article; duplicate of the canonical page,high
http://kotsistravel.gr/index.php/component/mailto/?tmpl=component&template=gk_league_news&link=43ed08f50fa81fbbdcb134c35d2f77e9203dc076,/index.php/component/mailto/,410,,Print view of an article; duplicate of the canonical page,high
http://kotsistravel.gr/index.php/component/mailto/?tmpl=component&template=gk_league_news&link=43f7e17510fd6d386d1dd80b24cefbdecc1c851c,/index.php/component/mailto/,410,,Print view of an article; duplicate of the canonical page,high
http://kotsistravel.gr/index.php/component/mailto/?tmpl=component&template=gk_league_news&link=45381ec5dceb5196f6164cf64ab362f26741f8b6,/index.php/component/mailto/,410,,Print view of an article; duplicate of the canonical page,high
http://kotsistravel.gr/index.php/component/mailto/?tmpl=component&template=gk_league_news&link=45fc6871880b8cd999f66474bae959ab277e8698,/index.php/component/mailto/,410,,Print view of an article; duplicate of the canonical page,high
http://kotsistravel.gr/index.php/component/mailto/?tmpl=component&template=gk_league_news&link=46561133d36b72ed640e854ae87db008f52818b6,/index.php/component/mailto/,410,,Print view of an article; duplicate of the canonical page,high
http://kotsistravel.gr/index.php/component/mailto/?tmpl=component&template=gk_league_news&link=46d4c47f9c1a1241556a385fde43934af468e274,/index.php/component/mailto/,410,,Print view of an article; duplicate of the canonical page,high
http://kotsistravel.gr/index.php/component/mailto/?tmpl=component&template=gk_league_news&link=4671317e4212a1b2fa05e1cf8ad9ffc137c7df0b,/index.php/component/mailto/,410,,Print view of an article; duplicate of the canonical page,high
http://kotsistravel.gr/index.php/component/mailto/?tmpl=component&template=gk_league_news&link=46fc687a1fa1675b39dde9c7e04e438d02d9ce2a,/index.php/component/mailto/,410,,Print view of an article; duplicate of the canonical page,high
http://kotsistravel.gr/index.php/component/mailto/?tmpl=component&template=gk_league_news&link=48b1fefdf30338aa8e9fddcee055e2170207b2ec,/index.php/component/mailto/,410,,Print view of an article; duplicate of the canonical page,high
http://kotsistravel.gr/index.php/component/mailto/?tmpl=component&template=gk_league_news&link=4bc32827749d2fe9141a9fb710890ccc1ec60e36,/index.php/component/mailto/,410,,Print view of an article; duplicate of the canonical page,high
http://kotsistravel.gr/index.php/component/mailto/?tmpl=component&template=gk_league_news&link=4ab7a259aa90e3668ec4e3e93652d4c13e815a37,/index.php/component/mailto/,410,,Print view of an article; duplicate of the canonical page,high
http://kotsistravel.gr/index.php/component/mailto/?tmpl=component&template=gk_league_news&link=4ca10acdcf55de975ebf14ffe1213c61590dcb24,/index.php/component/mailto/,410,,Print view of an article; duplicate of the canonical page,high
http://kotsistravel.gr/index.php/component/mailto/?tmpl=component&template=gk_league_news&link=4d72dce4436e786012361986e603c0ec450c3079,/index.php/component/mailto/,410,,Print view of an article; duplicate of the canonical page,high
http://kotsistravel.gr/index.php/component/mailto/?tmpl=component&template=gk_league_news&link=4ebcbb8aa32d9dc7f0ba98e4324ca4957a834764,/index.php/component/mailto/,410,,Print view of an article; duplicate of the canonical page,high
http://kotsistravel.gr/index.php/component/mailto/?tmpl=component&template=gk_league_news&link=4f4a49f6999ece4df63b1f2865c0bdbe3ebc6451,/index.php/component/mailto/,410,,Print view of an article; duplicate of the canonical page,high
http://kotsistravel.gr/index.php/component/mailto/?tmpl=component&template=gk_league_news&link=5470ce72017fce36b5c7520db6a8623983ee821b,/index.php/component/mailto/,410,,Print view of an article; duplicate of the canonical page,high
http://kotsistravel.gr/index.php/component/mailto/?tmpl=component&template=gk_league_news&link=55fe4f24940d0d966974674640de7f283dcd1423,/index.php/component/mailto/,410,,Print view of an article; duplicate of the canonical page,high
http://kotsistravel.gr/index.php/component/mailto/?tmpl=component&template=gk_league_news&link=57a49835bcb2765400a1b9d7424aabdeb0c89523,/index.php/component/mailto/,410,,Print view of an article; duplicate of the canonical page,high
http://kotsistravel.gr/index.php/component/mailto/?tmpl=component&template=gk_league_news&link=5a3bb77603ac6856739544ee43dd4d923a40b01d,/index.php/component/mailto/,410,,Print view of an article; duplicate of the canonical page,high
http://kotsistravel.gr/index.php/component/mailto/?tmpl=component&template=gk_league_news&link=5ba105649d177d792523d7f0066acf7feffa9841,/index.php/component/mailto/,410,,Print view of an article; duplicate of the canonical page,high
http://kotsistravel.gr/index.php/component/mailto/?tmpl=component&template=gk_league_news&link=5bd1d8374f837b83ea032726e899cb5dc367534f,/index.php/component/mailto/,410,,Print view of an article; duplicate of the canonical page,high
http://kotsistravel.gr/index.php/component/mailto/?tmpl=component&template=gk_league_news&link=5df39704491196e4588505ee9cafdc60053f0309,/index.php/component/mailto/,410,,Print view of an article; duplicate of the canonical page,high
http://kotsistravel.gr/index.php/component/mailto/?tmpl=component&template=gk_league_news&link=5db836afa3dc7567cda7344dcbbfa790bc0d0b65,/index.php/component/mailto/,410,,Print view of an article; duplicate of the canonical page,high
http://kotsistravel.gr/index.php/component/mailto/?tmpl=component&template=gk_league_news&link=62be0260358ef557ce789934c62d7372ec24c833,/index.php/component/mailto/,410,,Print view of an article; duplicate of the canonical page,high
http://kotsistravel.gr/index.php/component/mailto/?tmpl=component&template=gk_league_news&link=659a0089218a116c1a30f6e4a96c50ec9a95e7bb,/index.php/component/mailto/,410,,Print view of an article; duplicate of the canonical page,high
http://kotsistravel.gr/index.php/component/mailto/?tmpl=component&template=gk_league_news&link=66545bb44e2d3cc9782d9515bd64c1a10f57a67e,/index.php/component/mailto/,410,,Print view of an article; duplicate of the canonical page,high
http://kotsistravel.gr/index.php/component/mailto/?tmpl=component&template=gk_league_news&link=696d0b154162dff401bed5cd8d7a1efaf4726436,/index.php/component/mailto/,410,,Print view of an article; duplicate of the canonical page,high
http://kotsistravel.gr/index.php/component/mailto/?tmpl=component&template=gk_league_news&link=6ce05f4bc285493959e357b29becb9a908b7a72d,/index.php/component/mailto/,410,,Print view of an article; duplicate of the canonical page,high
http://kotsistravel.gr/index.php/component/mailto/?tmpl=component&template=gk_league_news&link=6b8fa934afce4c3afb02a789ac91275cc4d7598e,/index.php/component/mailto/,410,,Print view of an article; duplicate of the canonical page,high
http://kotsistravel.gr/index.php/component/mailto/?tmpl=component&template=gk_league_news&link=6e276099e304911c5c83430990fd00f7fa6f94c6,/index.php/component/mailto/,410,,Print view of an article; duplicate of the canonical page,high
http://kotsistravel.gr/index.php/component/mailto/?tmpl=component&template=gk_league_news&link=6dcc3d8929e0413a88264cd468dc382809ccb40c,/index.php/component/mailto/,410,,Print view of an article; duplicate of the canonical page,high
http://kotsistravel.gr/index.php/component/mailto/?tmpl=component&template=gk_league_news&link=6f94d17955d8649c526ab3fa15f1ca8c449f4a72,/index.php/component/mailto/,410,,Print view of an article; duplicate of the canonical page,high
http://kotsistravel.gr/index.php/component/mailto/?tmpl=component&template=gk_league_news&link=6e6476f4bcc3475c436ab5c6594ec8f82db61865,/index.php/component/mailto/,410,,Print view of an article; duplicate of the canonical page,high
http://kotsistravel.gr/index.php/component/mailto/?tmpl=component&template=gk_league_news&link=71164e51d2ee88609abeac7ffcfaf460b88b35c8,/index.php/component/mailto/,410,,Print view of an article; duplicate of the canonical page,high
http://kotsistravel.gr/index.php/component/mailto/?tmpl=component&template=gk_league_news&link=759007ba77a07d6a1224972939d3335102b99493,/index.php/component/mailto/,410,,Print view of an article; duplicate of the canonical page,high
http://kotsistravel.gr/index.php/component/mailto/?tmpl=component&template=gk_league_news&link=787b31d3feb08e8c983aec2d1fb42d197b8cca91,/index.php/component/mailto/,410,,Print view of an article; duplicate of the canonical page,high
http://kotsistravel.gr/index.php/component/mailto/?tmpl=component&template=gk_league_news&link=7977f4f40dbece3fd822b317ebd0aa0533d727b0,/index.php/component/mailto/,410,,Print view of an article; duplicate of the canonical page,high
http://kotsistravel.gr/index.php/component/mailto/?tmpl=component&template=gk_league_news&link=7ba7b14aef8111dca18aa3c215164179de63643b,/index.php/component/mailto/,410,,Print view of an article; duplicate of the canonical page,high
http://kotsistravel.gr/index.php/component/mailto/?tmpl=component&template=gk_league_news&link=7a2d90e9b9842942e6659f7276e5145f2c4641cd,/index.php/component/mailto/,410,,Print view of an article; duplicate of the canonical page,high
http://kotsistravel.gr/index.php/component/mailto/?tmpl=component&template=gk_league_news&link=7e503c79cb7b6194726141075595e5578b5f08c4,/index.php/component/mailto/,410,,Print view of an article; duplicate of the canonical page,high
http://kotsistravel.gr/index.php/component/mailto/?tmpl=component&template=gk_league_news&link=7ddd95156864fd886e11c09269b4c7422c3c27ce,/index.php/component/mailto/,410,,Print view of an article; duplicate of the canonical page,high
http://kotsistravel.gr/index.php/component/mailto/?tmpl=component&template=gk_league_news&link=7e99c70022da6a1bd300f93d186a0615aa13bf24,/index.php/component/mailto/,410,,Print view of an article; duplicate of the canonical page,high
http://kotsistravel.gr/index.php/component/mailto/?tmpl=component&template=gk_league_news&link=7fb98f4b30139d7f5f31d8c7dcb9f4c9234e3b50,/index.php/component/mailto/,410,,Print view of an article; duplicate of the canonical page,high
http://kotsistravel.gr/index.php/component/mailto/?tmpl=component&template=gk_league_news&link=80cb2c8b7b5ba05673258abc005148fc8909a168,/index.php/component/mailto/,410,,Print view of an article; duplicate of the canonical page,high
http://kotsistravel.gr/index.php/component/mailto/?tmpl=component&template=gk_league_news&link=80b6c25af6cb5cf7e0e8bc599abb0646b24774c0,/index.php/component/mailto/,410,,Print view of an article; duplicate of the canonical page,high
http://kotsistravel.gr/index.php/component/mailto/?tmpl=component&template=gk_league_news&link=820d6c503533e7b36948c48211365d5e3a30a8e9,/index.php/component/mailto/,410,,Print view of an article; duplicate of the canonical page,high
http://kotsistravel.gr/index.php/component/mailto/?tmpl=component&template=gk_league_news&link=838ae6851c6e824cb876e72e8a096fa207065e85,/index.php/component/mailto/,410,,Print view of an article; duplicate of the canonical page,high
http://kotsistravel.gr/index.php/component/mailto/?tmpl=component&template=gk_league_news&link=855c37ddda2bfe65ed1aacc7e13e175080281e61,/index.php/component/mailto/,410,,Print view of an article; duplicate of the canonical page,high
http://kotsistravel.gr/index.php/component/mailto/?tmpl=component&template=gk_league_news&link=85986261515253df08b88e33bb0a0d8457da0d4e,/index.php/component/mailto/,410,,Print view of an article; duplicate of the canonical page,high
http://kotsistravel.gr/index.php/component/mailto/?tmpl=component&template=gk_league_news&link=87b7eb3b8352d181e7818e30cd17205328c8548f,/index.php/component/mailto/,410,,Print view of an article; duplicate of the canonical page,high
http://kotsistravel.gr/index.php/component/mailto/?tmpl=component&template=gk_league_news&link=8891fd9f40500f7df2d2777797700fdf0be3cab9,/index.php/component/mailto/,410,,Print view of an article; duplicate of the canonical page,high
http://kotsistravel.gr/index.php/component/mailto/?tmpl=component&template=gk_league_news&link=8c738be674293db92df44c8b9b2d0d957c7b0904,/index.php/component/mailto/,410,,Print view of an article; duplicate of the canonical page,high
http://kotsistravel.gr/index.php/component/mailto/?tmpl=component&template=gk_league_news&link=8ddffa2b13695f8c1934f624497eb4704b3d9a85,/index.php/component/mailto/,410,,Print view of an article; duplicate of the canonical page,high
http://kotsistravel.gr/index.php/component/mailto/?tmpl=component&template=gk_league_news&link=8f31039a7297d7a8c7c7c8add97408dcc84691a3,/index.php/component/mailto/,410,,Print view of an article; duplicate of the canonical page,high
http://kotsistravel.gr/index.php/component/mailto/?tmpl=component&template=gk_league_news&link=8f52c9f9cabcba82e986ba7e75c7cb01187bcacc,/index.php/component/mailto/,410,,Print view of an article; duplicate of the canonical page,high
http://kotsistravel.gr/index.php/component/mailto/?tmpl=component&template=gk_league_news&link=8fce9a2b9dadf1676db8de34304a1cee02392877,/index.php/component/mailto/,410,,Print view of an article; duplicate of the canonical page,high
http://kotsistravel.gr/index.php/component/mailto/?tmpl=component&template=gk_league_news&link=900ee3aaeec462fe40119bb89289cde4026ea5a3,/index.php/component/mailto/,410,,Print view of an article; duplicate of the canonical page,high
http://kotsistravel.gr/index.php/component/mailto/?tmpl=component&template=gk_league_news&link=9150903cc134b27c3c9f47bf62a1365522c92de7,/index.php/component/mailto/,410,,Print view of an article; duplicate of the canonical page,high
http://kotsistravel.gr/index.php/component/mailto/?tmpl=component&template=gk_league_news&link=90428e09e4f09b727dad81415a4fb45ffc0141b6,/index.php/component/mailto/,410,,Print view of an article; duplicate of the canonical page,high
http://kotsistravel.gr/index.php/component/mailto/?tmpl=component&template=gk_league_news&link=9324ae8acc005e1f0ae6bd33000054549e423d73,/index.php/component/mailto/,410,,Print view of an article; duplicate of the canonical page,high
http://kotsistravel.gr/index.php/component/mailto/?tmpl=component&template=gk_league_news&link=91734fbab522964afa98ccf72e1451059173377a,/index.php/component/mailto/,410,,Print view of an article; duplicate of the canonical page,high
http://kotsistravel.gr/index.php/component/mailto/?tmpl=component&template=gk_league_news&link=93f6ac1351c6d2c7fde73e720a0d56b96d046a14,/index.php/component/mailto/,410,,Print view of an article; duplicate of the canonical page,high
http://kotsistravel.gr/index.php/component/mailto/?tmpl=component&template=gk_league_news&link=93f10b9fd76df97c8391d79aedfec7522c6df95b,/index.php/component/mailto/,410,,Print view of an article; duplicate of the canonical page,high
http://kotsistravel.gr/index.php/component/mailto/?tmpl=component&template=gk_league_news&link=977cb42a482823d16fd30f7c4118001f03f83572,/index.php/component/mailto/,410,,Print view of an article; duplicate of the canonical page,high
http://kotsistravel.gr/index.php/component/mailto/?tmpl=component&template=gk_league_news&link=98005f93f8842027f5b5b0eccae3e548a49545a9,/index.php/component/mailto/,410,,Print view of an article; duplicate of the canonical page,high
http://kotsistravel.gr/index.php/component/mailto/?tmpl=component&template=gk_league_news&link=9ba2b57d1f0986131c81d08b896e0916417924b2,/index.php/component/mailto/,410,,Print view of an article; duplicate of the canonical page,high
http://kotsistravel.gr/index.php/component/mailto/?tmpl=component&template=gk_league_news&link=98974017762fc904f3e2540ec6b0836d80d0dfac,/index.php/component/mailto/,410,,Print view of an article; duplicate of the canonical page,high
http://kotsistravel.gr/index.php/component/mailto/?tmpl=component&template=gk_league_news&link=9bfd8735f142bf14e2572065b6ce659a976d76dd,/index.php/component/mailto/,410,,Print view of an article; duplicate of the canonical page,high
http://kotsistravel.gr/index.php/component/mailto/?tmpl=component&template=gk_league_news&link=9c1dc2fc3c39e1cc00fad6859c652a65a597ecae,/index.php/component/mailto/,410,,Print view of an article; duplicate of the canonical page,high
http://kotsistravel.gr/index.php/2013-03-31-11-03-19/krouazieres_oloi_oi_proorismoi/332-7,/index.php/2013-03-31-11-03-19/krouazieres_oloi_oi_proorismoi/332-7,301,/cruises/,Cruise section root,high
http://kotsistravel.gr/index.php/component/mailto/?tmpl=component&template=gk_league_news&link=9ebb0a8041322b7f0a2db5e6485770224fdd8f8d,/index.php/component/mailto/,410,,Print view of an article; duplicate of the canonical page,high
http://kotsistravel.gr/index.php/component/mailto/?tmpl=component&template=gk_league_news&link=9ed3499dce5f5c966e12846282a08586138a449b,/index.php/component/mailto/,410,,Print view of an article; duplicate of the canonical page,high
http://kotsistravel.gr/index.php/component/mailto/?tmpl=component&template=gk_league_news&link=9eeb6c7c74b99a5825bc7520f4f3ca91eaec1e9b,/index.php/component/mailto/,410,,Print view of an article; duplicate of the canonical page,high
http://kotsistravel.gr/index.php/component/mailto/?tmpl=component&template=gk_league_news&link=a241984ce39e20bef39cc51554701bc31a8c693f,/index.php/component/mailto/,410,,Print view of an article; duplicate of the canonical page,high
http://kotsistravel.gr/index.php/component/mailto/?tmpl=component&template=gk_league_news&link=a19616d7026fb72e30a98a501d1487f4943485ab,/index.php/component/mailto/,410,,Print view of an article; duplicate of the canonical page,high
http://kotsistravel.gr/index.php/component/mailto/?tmpl=component&template=gk_league_news&link=a2c315bcb1ff75e491bdce0a108c751e5e2af03c,/index.php/component/mailto/,410,,Print view of an article; duplicate of the canonical page,high
http://kotsistravel.gr/index.php/component/mailto/?tmpl=component&template=gk_league_news&link=a43a446b507b1a3dbf6355e229f17b615afedfcc,/index.php/component/mailto/,410,,Print view of an article; duplicate of the canonical page,high
http://kotsistravel.gr/index.php/component/mailto/?tmpl=component&template=gk_league_news&link=a6d07d5f5da6c6491991151175eec5d8b65569fe,/index.php/component/mailto/,410,,Print view of an article; duplicate of the canonical page,high
http://kotsistravel.gr/index.php/component/mailto/?tmpl=component&template=gk_league_news&link=a7d11de6427d7f8a79ddecaa23dea5d566ad7dec,/index.php/component/mailto/,410,,Print view of an article; duplicate of the canonical page,high
http://kotsistravel.gr/index.php/component/mailto/?tmpl=component&template=gk_league_news&link=a4c2f37e2bb8ab6b201a39381c00b0fd16962e8f,/index.php/component/mailto/,410,,Print view of an article; duplicate of the canonical page,high
http://kotsistravel.gr/index.php/component/mailto/?tmpl=component&template=gk_league_news&link=aa03fbf7feac5b50a6f99d8950ce91354f7173dd,/index.php/component/mailto/,410,,Print view of an article; duplicate of the canonical page,high
http://kotsistravel.gr/index.php/component/mailto/?tmpl=component&template=gk_league_news&link=a9e4f32aa664ee775d42b9c6da935b79dc3de07e,/index.php/component/mailto/,410,,Print view of an article; duplicate of the canonical page,high
http://kotsistravel.gr/index.php/component/mailto/?tmpl=component&template=gk_league_news&link=ab351f340c90051be62452d260e2441bae6d6ad2,/index.php/component/mailto/,410,,Print view of an article; duplicate of the canonical page,high
http://kotsistravel.gr/index.php/component/mailto/?tmpl=component&template=gk_league_news&link=ace2781fc77f317a7f6bb6b663e2f1190da101ef,/index.php/component/mailto/,410,,Print view of an article; duplicate of the canonical page,high
http://kotsistravel.gr/index.php/component/mailto/?tmpl=component&template=gk_league_news&link=ab0be35b2d5e746fcfbcf12f491adfcd187e922f,/index.php/component/mailto/,410,,Print view of an article; duplicate of the canonical page,high
http://kotsistravel.gr/index.php/component/mailto/?tmpl=component&template=gk_league_news&link=aeef201adcb6f2854bd185815617fe901eb410ff,/index.php/component/mailto/,410,,Print view of an article; duplicate of the canonical page,high
http://kotsistravel.gr/index.php/component/mailto/?tmpl=component&template=gk_league_news&link=b5acbe8f6652b359b1708ed6aa208abafed59e52,/index.php/component/mailto/,410,,Print view of an article; duplicate of the canonical page,high
http://kotsistravel.gr/index.php/component/mailto/?tmpl=component&template=gk_league_news&link=b7912cc9f60e4112f703324c2dfe40fbd9dbe799,/index.php/component/mailto/,410,,Print view of an article; duplicate of the canonical page,high
http://kotsistravel.gr/index.php/component/mailto/?tmpl=component&template=gk_league_news&link=b854b714152f6a99f0e756337b6d556a1f167b98,/index.php/component/mailto/,410,,Print view of an article; duplicate of the canonical page,high
http://kotsistravel.gr/index.php/component/mailto/?tmpl=component&template=gk_league_news&link=b6dd26343f0696e1337b33a5398cdcef77d41371,/index.php/component/mailto/,410,,Print view of an article; duplicate of the canonical page,high
http://kotsistravel.gr/index.php/component/mailto/?tmpl=component&template=gk_league_news&link=b90b8d9bbef5545785de489a8f54db41c5a71932,/index.php/component/mailto/,410,,Print view of an article; duplicate of the canonical page,high
http://kotsistravel.gr/index.php/component/mailto/?tmpl=component&template=gk_league_news&link=b95a569679c2f8ea4aa0a8c32c0c9d69719f04f1,/index.php/component/mailto/,410,,Print view of an article; duplicate of the canonical page,high
http://kotsistravel.gr/index.php/component/mailto/?tmpl=component&template=gk_league_news&link=bdcff0b42ac43067da17927b1ee60defcb666e48,/index.php/component/mailto/,410,,Print view of an article; duplicate of the canonical page,high
http://kotsistravel.gr/index.php/component/mailto/?tmpl=component&template=gk_league_news&link=bac8b2edd3fab5df60a3aac4f8c16fd29ad7a4c2,/index.php/component/mailto/,410,,Print view of an article; duplicate of the canonical page,high
http://kotsistravel.gr/index.php/component/mailto/?tmpl=component&template=gk_league_news&link=be862f1052bbb216ac0b1d9dcdc351e1c0c977d4,/index.php/component/mailto/,410,,Print view of an article; duplicate of the canonical page,high
http://kotsistravel.gr/index.php/component/mailto/?tmpl=component&template=gk_league_news&link=c31e6fbcba6ad489b4dd7553dc2bf4c6d0c65143,/index.php/component/mailto/,410,,Print view of an article; duplicate of the canonical page,high
http://kotsistravel.gr/index.php/component/mailto/?tmpl=component&template=gk_league_news&link=c216a561fe0672e27eb50fea8b96fe3612969431,/index.php/component/mailto/,410,,Print view of an article; duplicate of the canonical page,high
http://kotsistravel.gr/index.php/component/mailto/?tmpl=component&template=gk_league_news&link=c58b42d4b309b21227437ae0f0aab48657c0ff48,/index.php/component/mailto/,410,,Print view of an article; duplicate of the canonical page,high
http://kotsistravel.gr/index.php/component/mailto/?tmpl=component&template=gk_league_news&link=c868e6dc9cf302995151a8dd0a19ff8db4e91a5b,/index.php/component/mailto/,410,,Print view of an article; duplicate of the canonical page,high
http://kotsistravel.gr/index.php/component/mailto/?tmpl=component&template=gk_league_news&link=ca91200752b1aebf1f38d066f166f0f949e0f3f5,/index.php/component/mailto/,410,,Print view of an article; duplicate of the canonical page,high
http://kotsistravel.gr/index.php/component/mailto/?tmpl=component&template=gk_league_news&link=ce7e0ecb4a8bcc3663e0fb3eaa8203da65934351,/index.php/component/mailto/,410,,Print view of an article; duplicate of the canonical page,high
http://kotsistravel.gr/index.php/component/mailto/?tmpl=component&template=gk_league_news&link=cde93743e6e9777b3a49a39a8d89535337f4a8ad,/index.php/component/mailto/,410,,Print view of an article; duplicate of the canonical page,high
http://kotsistravel.gr/index.php/component/mailto/?tmpl=component&template=gk_league_news&link=cf7beb366cd7d23d2d1c5af9689dab05084b0ba2,/index.php/component/mailto/,410,,Print view of an article; duplicate of the canonical page,high
http://kotsistravel.gr/index.php/component/mailto/?tmpl=component&template=gk_league_news&link=d1244900b49bd89e7f0d82ed189876c8ed030ae3,/index.php/component/mailto/,410,,Print view of an article; duplicate of the canonical page,high
http://kotsistravel.gr/index.php/component/mailto/?tmpl=component&template=gk_league_news&link=d1a81a7b909351e9a7d57d31bfe3189b24e5699d,/index.php/component/mailto/,410,,Print view of an article; duplicate of the canonical page,high
http://kotsistravel.gr/index.php/component/mailto/?tmpl=component&template=gk_league_news&link=d1bef44e7445b780dc9c95d556d2963abdb9a9c7,/index.php/component/mailto/,410,,Print view of an article; duplicate of the canonical page,high
http://kotsistravel.gr/index.php/component/mailto/?tmpl=component&template=gk_league_news&link=d4610618df5e275e5ec2cdee80dfedbb6229c3b4,/index.php/component/mailto/,410,,Print view of an article; duplicate of the canonical page,high
http://kotsistravel.gr/index.php/component/mailto/?tmpl=component&template=gk_league_news&link=d5cf5d5cc1cbe73d7237cad79c1a505bcbe1ddcf,/index.php/component/mailto/,410,,Print view of an article; duplicate of the canonical page,high
http://kotsistravel.gr/index.php/component/mailto/?tmpl=component&template=gk_league_news&link=db8821fd67cd3c90b0b43fde121e3c158be4c622,/index.php/component/mailto/,410,,Print view of an article; duplicate of the canonical page,high
http://kotsistravel.gr/index.php/component/mailto/?tmpl=component&template=gk_league_news&link=daa3d88aa151c13ba5ca456860c5fefe4e16cb95,/index.php/component/mailto/,410,,Print view of an article; duplicate of the canonical page,high
http://kotsistravel.gr/index.php/component/mailto/?tmpl=component&template=gk_league_news&link=dd77c6a7a0e969188e3baeeb079bd01c16f59470,/index.php/component/mailto/,410,,Print view of an article; duplicate of the canonical page,high
http://kotsistravel.gr/index.php/component/mailto/?tmpl=component&template=gk_league_news&link=de6fa3f1cceea1eec800a3063a0371feda95250d,/index.php/component/mailto/,410,,Print view of an article; duplicate of the canonical page,high
http://kotsistravel.gr/index.php/component/mailto/?tmpl=component&template=gk_league_news&link=e1f95e2fed9c99126a43e0df2288663b3cf741fa,/index.php/component/mailto/,410,,Print view of an article; duplicate of the canonical page,high
http://kotsistravel.gr/index.php/component/mailto/?tmpl=component&template=gk_league_news&link=df2ca067a16a2f71cf3b164dc965c25afb3ad9e6,/index.php/component/mailto/,410,,Print view of an article; duplicate of the canonical page,high
http://kotsistravel.gr/index.php/component/mailto/?tmpl=component&template=gk_league_news&link=e1cc547765c962e642a61513d7d64d8cc8f22d6c,/index.php/component/mailto/,410,,Print view of an article; duplicate of the canonical page,high
http://kotsistravel.gr/index.php/component/mailto/?tmpl=component&template=gk_league_news&link=e2b9b054fb9593cd8c23d58864011e0f6a16e047,/index.php/component/mailto/,410,,Print view of an article; duplicate of the canonical page,high
http://kotsistravel.gr/index.php/component/mailto/?tmpl=component&template=gk_league_news&link=e25e6656c83a066b2241e4de7c972a32554ac791,/index.php/component/mailto/,410,,Print view of an article; duplicate of the canonical page,high
http://kotsistravel.gr/index.php/component/mailto/?tmpl=component&template=gk_league_news&link=e9635224ac42378a12a5ebcfb4a84b19544edc16,/index.php/component/mailto/,410,,Print view of an article; duplicate of the canonical page,high
http://kotsistravel.gr/index.php/component/mailto/?tmpl=component&template=gk_league_news&link=e4b6986ea23e8dbf17e9b0a985ceeb6398dbaa4f,/index.php/component/mailto/,410,,Print view of an article; duplicate of the canonical page,high
http://kotsistravel.gr/index.php/component/mailto/?tmpl=component&template=gk_league_news&link=e3e109e614d38504fb3ab1e390be9537d12ce75b,/index.php/component/mailto/,410,,Print view of an article; duplicate of the canonical page,high
http://kotsistravel.gr/index.php/component/mailto/?tmpl=component&template=gk_league_news&link=eae88b95f14a6baf865d01864e94f54e9ff14f8f,/index.php/component/mailto/,410,,Print view of an article; duplicate of the canonical page,high
http://kotsistravel.gr/index.php/component/mailto/?tmpl=component&template=gk_league_news&link=ea27b85cda7c677eac3c29a958401e5224f30977,/index.php/component/mailto/,410,,Print view of an article; duplicate of the canonical page,high
http://kotsistravel.gr/index.php/component/mailto/?tmpl=component&template=gk_league_news&link=ec2649e328f89e9308f81341c54132e928a17d1a,/index.php/component/mailto/,410,,Print view of an article; duplicate of the canonical page,high
http://kotsistravel.gr/index.php/component/mailto/?tmpl=component&template=gk_league_news&link=ecfd05c2a2b30180efd2e5cc673d9ca8b7bf77e8,/index.php/component/mailto/,410,,Print view of an article; duplicate of the canonical page,high
http://kotsistravel.gr/index.php/component/mailto/?tmpl=component&template=gk_league_news&link=ed8a7e57d8eb5de9604f7029fed8b727cba3c86d,/index.php/component/mailto/,410,,Print view of an article; duplicate of the canonical page,high
http://kotsistravel.gr/index.php/component/mailto/?tmpl=component&template=gk_league_news&link=ef68f2a74e34bb7039b13268bc061b77cb0259a4,/index.php/component/mailto/,410,,Print view of an article; duplicate of the canonical page,high
http://kotsistravel.gr/index.php/component/mailto/?tmpl=component&template=gk_league_news&link=f18396d74246385378c2b48728c13cd730537940,/index.php/component/mailto/,410,,Print view of an article; duplicate of the canonical page,high
http://kotsistravel.gr/index.php/component/mailto/?tmpl=component&template=gk_league_news&link=f1965a521e206d2bf39d4bcb17f6f7f4e8e3d4e1,/index.php/component/mailto/,410,,Print view of an article; duplicate of the canonical page,high
http://kotsistravel.gr/index.php/component/mailto/?tmpl=component&template=gk_league_news&link=f2f9063be57b0a8023aa0b24f1170f484f528d88,/index.php/component/mailto/,410,,Print view of an article; duplicate of the canonical page,high
http://kotsistravel.gr/index.php/component/mailto/?tmpl=component&template=gk_league_news&link=f865d91898f3ed03165ed9514f749d18477cbaff,/index.php/component/mailto/,410,,Print view of an article; duplicate of the canonical page,high
http://kotsistravel.gr/index.php/component/mailto/?tmpl=component&template=gk_league_news&link=f8f4daaa9df9b4048cd8388969943b46eae5019a,/index.php/component/mailto/,410,,Print view of an article; duplicate of the canonical page,high
http://kotsistravel.gr/index.php/component/mailto/?tmpl=component&template=gk_league_news&link=fb82623f698b0c78cf832eefa29c98ba4309711b,/index.php/component/mailto/,410,,Print view of an article; duplicate of the canonical page,high
http://kotsistravel.gr/index.php/component/mailto/?tmpl=component&template=gk_league_news&link=fba89ae3a2d41dfa3f8962d928bf793121042b5a,/index.php/component/mailto/,410,,Print view of an article; duplicate of the canonical page,high
http://kotsistravel.gr/index.php/component/mailto/?tmpl=component&template=gk_league_news&link=fd6e0690159b11d57a52fb5684549eeaf4defeb5,/index.php/component/mailto/,410,,Print view of an article; duplicate of the canonical page,high
http://kotsistravel.gr/index.php/component/mailto/?tmpl=component&template=gk_league_news&link=fdf449cd612441277fc681a5d3bc3e15be1c56c3,/index.php/component/mailto/,410,,Print view of an article; duplicate of the canonical page,high
http://kotsistravel.gr/index.php/component/mailto/?tmpl=component&template=gk_league_news&link=fe62f803d51bb13b82553d3fcea7dfb914cc67df,/index.php/component/mailto/,410,,Print view of an article; duplicate of the canonical page,high
http://kotsistravel.gr/index.php/component/mailto/?tmpl=component&template=gk_league_news&link=fec37bfa9dd6e91faec5e6cd6af1840711333e35,/index.php/component/mailto/,410,,Print view of an article; duplicate of the canonical page,high
http://kotsistravel.gr/index.php/component/users/?view=login,/index.php/component/users/,410,,Account/login endpoint; not part of the new site,high
http://kotsistravel.gr/index.php/contact-us.html,/index.php/contact-us.html,301,/contact/,Contact page,high
http://kotsistravel.gr/index.php/contact-us.html?tmpl=component&print=1&page=,/index.php/contact-us.html,410,,Print view of an article; duplicate of the canonical page,high
http://kotsistravel.gr/index.php/engine-sports.html,/index.php/engine-sports.html,301,/destinations/,Motorsport travel article,high
http://kotsistravel.gr/index.php/engine-sports.html?tmpl=component&print=1&page=,/index.php/engine-sports.html,410,,Print view of an article; duplicate of the canonical page,high
http://kotsistravel.gr/index.php/menu-types-3/destinations-from-thessaloniki.html,/index.php/menu-types-3/destinations-from-thessaloniki.html,301,/air-tickets/from-thessaloniki/,Thessaloniki departures,high
http://kotsistravel.gr/index.php/menu-types-3/destinations-from-thessaloniki.html?tmpl=component&print=1&page=,/index.php/menu-types-3/destinations-from-thessaloniki.html,410,,Print view of an article; duplicate of the canonical page,high
http://kotsistravel.gr/index.php/menu-types-3/flights-from-corfu.html,/index.php/menu-types-3/flights-from-corfu.html,301,/air-tickets/from-corfu/,Corfu departures,high
http://kotsistravel.gr/index.php/menu-types-3/flights-from-corfu.html?tmpl=component&print=1&page=,/index.php/menu-types-3/flights-from-corfu.html,410,,Print view of an article; duplicate of the canonical page,high
http://kotsistravel.gr/index.php/menu-types-3/from-preveza.html,/index.php/menu-types-3/from-preveza.html,301,/air-tickets/from-preveza/,Preveza/Aktion departures,high
http://kotsistravel.gr/index.php/menu-types-3/from-preveza.html?tmpl=component&print=1&page=,/index.php/menu-types-3/from-preveza.html,410,,Print view of an article; duplicate of the canonical page,high
http://kotsistravel.gr/index.php/menu-types/destinations-from-thessaloniki.html,/index.php/menu-types/destinations-from-thessaloniki.html,301,/air-tickets/from-thessaloniki/,Thessaloniki departures,high
http://kotsistravel.gr/index.php/menu-types/flight_companies.html,/index.php/menu-types/flight_companies.html,MERGE+301,/air-tickets/airlines/,Airline profiles merged into one partners page,high
http://kotsistravel.gr/index.php/menu-types/flight_companies.html?limitstart=0,/index.php/menu-types/flight_companies.html,301,/air-tickets/airlines/,Paginated category view; folds into its hub,high
http://kotsistravel.gr/index.php/menu-types/flight_companies.html?start=12,/index.php/menu-types/flight_companies.html,301,/air-tickets/airlines/,Paginated category view; folds into its hub,high
http://kotsistravel.gr/index.php/menu-types/flight_companies/154-aegean_airlines.html,/index.php/menu-types/flight_companies/154-aegean_airlines.html,MERGE+301,/air-tickets/airlines/,Article 'Aegean Airlines' merged into its cluster hub,high
http://kotsistravel.gr/index.php/menu-types/flight_companies/158-olympic_air.html,/index.php/menu-types/flight_companies/158-olympic_air.html,MERGE+301,/air-tickets/airlines/,Article 'Olympic Air' merged into its cluster hub,high
http://kotsistravel.gr/index.php/menu-types/flight_companies/165-cyprus_airways.html,/index.php/menu-types/flight_companies/165-cyprus_airways.html,MERGE+301,/air-tickets/airlines/,Article 'Cyprus Airways' merged into its cluster hub,high
http://kotsistravel.gr/index.php/menu-types/flight_companies/166-alitalia.html,/index.php/menu-types/flight_companies/166-alitalia.html,MERGE+301,/air-tickets/airlines/,Article 'Alitalia' merged into its cluster hub,high
http://kotsistravel.gr/index.php/menu-types/flight_companies/167-lufthansa.html,/index.php/menu-types/flight_companies/167-lufthansa.html,MERGE+301,/air-tickets/airlines/,Article 'Lufthansa' merged into its cluster hub,high
http://kotsistravel.gr/index.php/menu-types/flight_companies/168-swiss_air.html,/index.php/menu-types/flight_companies/168-swiss_air.html,MERGE+301,/air-tickets/airlines/,Article 'Swiss Air' merged into its cluster hub,high
http://kotsistravel.gr/index.php/menu-types/flight_companies/169-british_airways.html,/index.php/menu-types/flight_companies/169-british_airways.html,MERGE+301,/air-tickets/airlines/,Article 'British Airways' merged into its cluster hub,high
http://kotsistravel.gr/index.php/menu-types/flight_companies/169-british_airways.html?tmpl=component&print=1,/index.php/menu-types/flight_companies/169-british_airways.html,410,,Print view of an article; duplicate of the canonical page,high
http://kotsistravel.gr/index.php/menu-types/flight_companies/170-iberia.html,/index.php/menu-types/flight_companies/170-iberia.html,MERGE+301,/air-tickets/airlines/,Article 'Iberia' merged into its cluster hub,high
http://kotsistravel.gr/index.php/menu-types/flight_companies/170-iberia.html?tmpl=component&print=1,/index.php/menu-types/flight_companies/170-iberia.html,410,,Print view of an article; duplicate of the canonical page,high
http://kotsistravel.gr/index.php/menu-types/flight_companies/171-klm.html,/index.php/menu-types/flight_companies/171-klm.html,MERGE+301,/air-tickets/airlines/,Article 'ΚLM' merged into its cluster hub,high
http://kotsistravel.gr/index.php/menu-types/flight_companies/171-klm.html?tmpl=component&print=1,/index.php/menu-types/flight_companies/171-klm.html,410,,Print view of an article; duplicate of the canonical page,high
http://kotsistravel.gr/index.php/menu-types/flight_companies/172-air_france.html,/index.php/menu-types/flight_companies/172-air_france.html,MERGE+301,/air-tickets/airlines/,Article 'Air France' merged into its cluster hub,high
http://kotsistravel.gr/index.php/menu-types/flight_companies/172-air_france.html?tmpl=component&print=1,/index.php/menu-types/flight_companies/172-air_france.html,410,,Print view of an article; duplicate of the canonical page,high
http://kotsistravel.gr/index.php/menu-types/flight_companies/173-turkish_airlines.html,/index.php/menu-types/flight_companies/173-turkish_airlines.html,MERGE+301,/air-tickets/airlines/,Article 'Turkish Airlines' merged into its cluster hub,high
http://kotsistravel.gr/index.php/menu-types/flight_companies/173-turkish_airlines.html?tmpl=component&print=1,/index.php/menu-types/flight_companies/173-turkish_airlines.html,410,,Print view of an article; duplicate of the canonical page,high
http://kotsistravel.gr/index.php/menu-types/flight_companies/174-aeroflot.html,/index.php/menu-types/flight_companies/174-aeroflot.html,MERGE+301,/air-tickets/airlines/,Article 'Aeroflot' merged into its cluster hub,high
http://kotsistravel.gr/index.php/menu-types/flight_companies/174-aeroflot.html?tmpl=component&print=1,/index.php/menu-types/flight_companies/174-aeroflot.html,410,,Print view of an article; duplicate of the canonical page,high
http://kotsistravel.gr/index.php/menu-types/flight_companies/175-scandinavian_airlines.html,/index.php/menu-types/flight_companies/175-scandinavian_airlines.html,MERGE+301,/air-tickets/airlines/,Article 'Scandinavian Airlines' merged into its cluster hub,high
http://kotsistravel.gr/index.php/menu-types/flight_companies/175-scandinavian_airlines.html?tmpl=component&print=1,/index.php/menu-types/flight_companies/175-scandinavian_airlines.html,410,,Print view of an article; duplicate of the canonical page,high
http://kotsistravel.gr/index.php/menu-types/flight_companies/176-austrian_airlines.html,/index.php/menu-types/flight_companies/176-austrian_airlines.html,MERGE+301,/air-tickets/airlines/,Article 'Austrian Airlines' merged into its cluster hub,high
http://kotsistravel.gr/index.php/menu-types/flight_companies/176-austrian_airlines.html?tmpl=component&print=1,/index.php/menu-types/flight_companies/176-austrian_airlines.html,410,,Print view of an article; duplicate of the canonical page,high
http://kotsistravel.gr/index.php/menu-types/flight_companies/177-tap.html,/index.php/menu-types/flight_companies/177-tap.html,MERGE+301,/air-tickets/airlines/,Article 'TAP' merged into its cluster hub,high
http://kotsistravel.gr/index.php/menu-types/flight_companies/177-tap.html?tmpl=component&print=1,/index.php/menu-types/flight_companies/177-tap.html,410,,Print view of an article; duplicate of the canonical page,high
http://kotsistravel.gr/index.php/menu-types/flight_companies/178-tarom.html,/index.php/menu-types/flight_companies/178-tarom.html,MERGE+301,/air-tickets/airlines/,Article 'TAROM' merged into its cluster hub,high
http://kotsistravel.gr/index.php/menu-types/flight_companies/178-tarom.html?tmpl=component&print=1,/index.php/menu-types/flight_companies/178-tarom.html,410,,Print view of an article; duplicate of the canonical page,high
http://kotsistravel.gr/index.php/menu-types/flight_companies/179-czech_airlines.html,/index.php/menu-types/flight_companies/179-czech_airlines.html,MERGE+301,/air-tickets/airlines/,Article 'Czech Airlines' merged into its cluster hub,high
http://kotsistravel.gr/index.php/menu-types/flight_companies/179-czech_airlines.html?tmpl=component&print=1,/index.php/menu-types/flight_companies/179-czech_airlines.html,410,,Print view of an article; duplicate of the canonical page,high
http://kotsistravel.gr/index.php/menu-types/flight_companies/180-emirates.html,/index.php/menu-types/flight_companies/180-emirates.html,MERGE+301,/air-tickets/airlines/,Article 'Emirates' merged into its cluster hub,high
http://kotsistravel.gr/index.php/menu-types/flight_companies/180-emirates.html?tmpl=component&print=1,/index.php/menu-types/flight_companies/180-emirates.html,410,,Print view of an article; duplicate of the canonical page,high
http://kotsistravel.gr/index.php/menu-types/flight_companies/299-aegean_airlines.html,/index.php/menu-types/flight_companies/299-aegean_airlines.html,MERGE+301,/air-tickets/airlines/,Article 'AEGEAN AIRLINES' merged into its cluster hub,high
http://kotsistravel.gr/index.php/menu-types/flight_companies/300-,/index.php/menu-types/flight_companies/300-,MERGE+301,/air-tickets/airlines/,Article 'ΚΕΡΚΥΡΑ - ΡΩΜΗ ΑΠΟ 65€' merged into its cluster hub,high
http://kotsistravel.gr/index.php/menu-types/flight_companies/300-????_??????????_???????.html,/index.php/component/k2/300-ρωμη_αεροδρομιο_κερκυρα.html,MERGE+301,/air-tickets/airlines/,Article 'ΚΕΡΚΥΡΑ - ΡΩΜΗ ΑΠΟ 65€' merged into its cluster hub,high
http://kotsistravel.gr/index.php/menu-types/flight_companies/300-????_??????????_???????.html?tmpl=component&print=1,/index.php/component/k2/300-ρωμη_αεροδρομιο_κερκυρα.html,410,,Print view of an article; duplicate of the canonical page,high
http://kotsistravel.gr/index.php/menu-types/flight_companies/301-,/index.php/menu-types/flight_companies/301-,MERGE+301,/air-tickets/airlines/,Article 'ΜΙΛΑΝΟ ΑΠΟ ΚΕΡΚΥΡΑ' merged into its cluster hub,high
http://kotsistravel.gr/index.php/menu-types/flight_companies/301-??????-???-???????.html,/index.php/component/k2/301-μιλανο-απο-κερκυρα.html,MERGE+301,/air-tickets/airlines/,Article 'ΜΙΛΑΝΟ ΑΠΟ ΚΕΡΚΥΡΑ' merged into its cluster hub,high
http://kotsistravel.gr/index.php/menu-types/flight_companies/301-??????-???-???????.html?tmpl=component&print=1,/index.php/component/k2/301-μιλανο-απο-κερκυρα.html,410,,Print view of an article; duplicate of the canonical page,high
http://kotsistravel.gr/index.php/menu-types/flight_companies/302-,/index.php/menu-types/flight_companies/302-,MERGE+301,/air-tickets/airlines/,Article 'ΜΠΟΛΟΝΙΑ ΑΠΟ ΘΕΣΣΑΛΟΝΙΚΗ' merged into its cluster hub,high
http://kotsistravel.gr/index.php/menu-types/flight_companies/302-???????_???????????_?????????.html,/index.php/component/k2/302-μπλονια_θεσσαλονικη_εισιτηρια.html,MERGE+301,/air-tickets/airlines/,Article 'ΜΠΟΛΟΝΙΑ ΑΠΟ ΘΕΣΣΑΛΟΝΙΚΗ' merged into its cluster hub,high
http://kotsistravel.gr/index.php/menu-types/flight_companies/302-???????_???????????_?????????.html?tmpl=component&print=1,/index.php/component/k2/302-μπλονια_θεσσαλονικη_εισιτηρια.html,410,,Print view of an article; duplicate of the canonical page,high
http://kotsistravel.gr/index.php/menu-types/flight_companies/304-,/index.php/menu-types/flight_companies/304-,MERGE+301,/air-tickets/,Article 'ΘΕΣΣΑΛΟΝΙΚΗ - ΧΑΝΙΑ' merged into its cluster hub,high
http://kotsistravel.gr/index.php/menu-types/flight_companies/304-???????????_?????.html,/index.php/menu-types/flight_companies/304-???????????_?????.html,MERGE+301,/air-tickets/,Article 'ΘΕΣΣΑΛΟΝΙΚΗ - ΧΑΝΙΑ' merged into its cluster hub,high
http://kotsistravel.gr/index.php/menu-types/flight_companies/304-???????????_?????.html?tmpl=component&print=1,/index.php/menu-types/flight_companies/304-???????????_?????.html,410,,Print view of an article; duplicate of the canonical page,high
http://kotsistravel.gr/index.php/menu-types/flight_companies/308-,/index.php/menu-types/flight_companies/308-,MERGE+301,/air-tickets/,Article 'ΠΑΤΡΑ - ΠΑΦΟΣ' merged into its cluster hub,high
http://kotsistravel.gr/index.php/menu-types/flight_companies/308-?????_?????.html,/index.php/menu-types/flight_companies/308-?????_?????.html,MERGE+301,/air-tickets/,Article 'ΠΑΤΡΑ - ΠΑΦΟΣ' merged into its cluster hub,high
http://kotsistravel.gr/index.php/menu-types/flight_companies/308-?????_?????.html?tmpl=component&print=1,/index.php/menu-types/flight_companies/308-?????_?????.html,410,,Print view of an article; duplicate of the canonical page,high
http://kotsistravel.gr/index.php/menu-types/flight_companies/309-aegean_airlines.html,/index.php/menu-types/flight_companies/309-aegean_airlines.html,MERGE+301,/air-tickets/airlines/,Article 'Aegean Airlines' merged into its cluster hub,high
http://kotsistravel.gr/index.php/menu-types/flight_companies/309-aegean_airlines.html?tmpl=component&print=1,/index.php/menu-types/flight_companies/309-aegean_airlines.html,410,,Print view of an article; duplicate of the canonical page,high
http://kotsistravel.gr/index.php/menu-types/flight_companies/311-,/index.php/menu-types/flight_companies/311-,MERGE+301,/air-tickets/,Article 'Βόρεια Αμερική με επιστροφή' merged into its cluster hub,high
http://kotsistravel.gr/index.php/menu-types/flight_companies/311-??????_???????_??_?????????.html,/index.php/menu-types/flight_companies/311-??????_???????_??_?????????.html,MERGE+301,/air-tickets/,Article 'Βόρεια Αμερική με επιστροφή' merged into its cluster hub,high
http://kotsistravel.gr/index.php/menu-types/flight_companies/311-??????_???????_??_?????????.html?tmpl=component&print=1,/index.php/menu-types/flight_companies/311-??????_???????_??_?????????.html,410,,Print view of an article; duplicate of the canonical page,high
http://kotsistravel.gr/index.php/menu-types/flight_companies/314-,/index.php/menu-types/flight_companies/314-,MERGE+301,/holiday-packages/,Article 'Ελλάδα και Εξωτερικο' merged into its cluster hub,high
http://kotsistravel.gr/index.php/menu-types/flight_companies/314-??????_???_?????????.html,/index.php/menu-types/flight_companies/314-??????_???_?????????.html,MERGE+301,/holiday-packages/,Article 'Ελλάδα και Εξωτερικο' merged into its cluster hub,high
http://kotsistravel.gr/index.php/menu-types/flight_companies/314-??????_???_?????????.html?tmpl=component&print=1,/index.php/menu-types/flight_companies/314-??????_???_?????????.html,410,,Print view of an article; duplicate of the canonical page,high
http://kotsistravel.gr/index.php/menu-types/flight_companies/315-aegean.html,/index.php/menu-types/flight_companies/315-aegean.html,MERGE+301,/air-tickets/airlines/,Article 'Aegean' merged into its cluster hub,high
http://kotsistravel.gr/index.php/menu-types/flight_companies/315-aegean.html?tmpl=component&print=1,/index.php/menu-types/flight_companies/315-aegean.html,410,,Print view of an article; duplicate of the canonical page,high
http://kotsistravel.gr/index.php/menu-types/flight_companies/331-,/index.php/menu-types/flight_companies/331-,MERGE+301,/air-tickets/,Article 'Προορισμοί από Κέρκυρα για το 2015' merged into its cluster hub,high
http://kotsistravel.gr/index.php/menu-types/flight_companies/331-??????????_???????_2015.html,/index.php/menu-types/flight_companies/331-??????????_???????_2015.html,MERGE+301,/air-tickets/,Article 'Προορισμοί από Κέρκυρα για το 2015' merged into its cluster hub,high
http://kotsistravel.gr/index.php/menu-types/flight_companies/331-??????????_???????_2015.html?tmpl=component&print=1,/index.php/menu-types/flight_companies/331-??????????_???????_2015.html,410,,Print view of an article; duplicate of the canonical page,high
http://kotsistravel.gr/index.php/menu-types/flight_companies/content/8-,/index.php/menu-types/flight_companies/content/8-,MERGE+301,/air-tickets/airlines/,Airline profiles merged into one partners page,high
http://kotsistravel.gr/index.php/menu-types/flight_companies/content/8-??????-??????????.html,/index.php/menu-types/flight_companies/content/8-??????-??????????.html,MERGE+301,/air-tickets/airlines/,Airline profiles merged into one partners page,high
http://kotsistravel.gr/index.php/menu-types/flights-from-corfu.html,/index.php/menu-types/flights-from-corfu.html,301,/air-tickets/from-corfu/,Corfu departures,high
http://kotsistravel.gr/index.php/menu-types/from-preveza.html,/index.php/menu-types/from-preveza.html,301,/air-tickets/from-preveza/,Preveza/Aktion departures,high
http://kotsistravel.gr/index.php/menu-types/low_cost_flights.html,/index.php/menu-types/low_cost_flights.html,MERGE+301,/air-tickets/airlines/,Airline profiles merged into one partners page,high
http://kotsistravel.gr/index.php/menu-types/low_cost_flights/155-air_berlin.html,/index.php/menu-types/low_cost_flights/155-air_berlin.html,MERGE+301,/air-tickets/airlines/,Article 'Air Berlin' merged into its cluster hub,high
http://kotsistravel.gr/index.php/menu-types/low_cost_flights/155-air_berlin.html?tmpl=component&print=1,/index.php/menu-types/low_cost_flights/155-air_berlin.html,410,,Print view of an article; duplicate of the canonical page,high
http://kotsistravel.gr/index.php/menu-types/low_cost_flights/156-astra_airlines.html,/index.php/menu-types/low_cost_flights/156-astra_airlines.html,MERGE+301,/air-tickets/airlines/,Article 'Astra Airlines' merged into its cluster hub,high
http://kotsistravel.gr/index.php/menu-types/low_cost_flights/156-astra_airlines.html?tmpl=component&print=1,/index.php/menu-types/low_cost_flights/156-astra_airlines.html,410,,Print view of an article; duplicate of the canonical page,high
http://kotsistravel.gr/index.php/menu-types/low_cost_flights/157-easyjet.html,/index.php/menu-types/low_cost_flights/157-easyjet.html,MERGE+301,/air-tickets/airlines/,Article 'EasyJet' merged into its cluster hub,high
http://kotsistravel.gr/index.php/menu-types/low_cost_flights/157-easyjet.html?tmpl=component&print=1,/index.php/menu-types/low_cost_flights/157-easyjet.html,410,,Print view of an article; duplicate of the canonical page,high
http://kotsistravel.gr/index.php/menu-types/low_cost_flights/159-ryanair.html,/index.php/menu-types/low_cost_flights/159-ryanair.html,MERGE+301,/air-tickets/airlines/,Article 'RyanAir' merged into its cluster hub,high
http://kotsistravel.gr/index.php/menu-types/low_cost_flights/159-ryanair.html?tmpl=component&print=1,/index.php/menu-types/low_cost_flights/159-ryanair.html,410,,Print view of an article; duplicate of the canonical page,high
http://kotsistravel.gr/index.php/menu-types/low_cost_flights/160-sky_express.html,/index.php/menu-types/low_cost_flights/160-sky_express.html,MERGE+301,/air-tickets/airlines/,Article 'Sky Express' merged into its cluster hub,high
http://kotsistravel.gr/index.php/menu-types/low_cost_flights/160-sky_express.html?tmpl=component&print=1,/index.php/menu-types/low_cost_flights/160-sky_express.html,410,,Print view of an article; duplicate of the canonical page,high
http://kotsistravel.gr/index.php/menu-types/low_cost_flights/161-tuifly.html,/index.php/menu-types/low_cost_flights/161-tuifly.html,MERGE+301,/air-tickets/airlines/,Article 'TUIFly' merged into its cluster hub,high
http://kotsistravel.gr/index.php/menu-types/low_cost_flights/161-tuifly.html?tmpl=component&print=1,/index.php/menu-types/low_cost_flights/161-tuifly.html,410,,Print view of an article; duplicate of the canonical page,high
http://kotsistravel.gr/index.php/menu-types/low_cost_flights/162-wizz_air.html,/index.php/menu-types/low_cost_flights/162-wizz_air.html,MERGE+301,/air-tickets/airlines/,Article 'Wizz Air' merged into its cluster hub,high
http://kotsistravel.gr/index.php/menu-types/low_cost_flights/162-wizz_air.html?tmpl=component&print=1,/index.php/menu-types/low_cost_flights/162-wizz_air.html,410,,Print view of an article; duplicate of the canonical page,high
http://kotsistravel.gr/index.php/menu-types/low_cost_flights/163-volotea.html,/index.php/menu-types/low_cost_flights/163-volotea.html,MERGE+301,/air-tickets/airlines/,Article 'Volotea' merged into its cluster hub,high
http://kotsistravel.gr/index.php/menu-types/low_cost_flights/163-volotea.html?tmpl=component&print=1,/index.php/menu-types/low_cost_flights/163-volotea.html,410,,Print view of an article; duplicate of the canonical page,high
http://kotsistravel.gr/index.php/component/users/,/index.php/component/users/,410,,"No content, no replacement, no known equity",low
http://kotsistravel.gr/index.php/component/users/?view=remind,/index.php/component/users/,410,,"No content, no replacement, no known equity",low
http://kotsistravel.gr/index.php/component/users/?view=reset,/index.php/component/users/,410,,"No content, no replacement, no known equity",low
http://kotsistravel.gr/index.php/menu-types/low_cost_flights/164-transavia.html,/index.php/menu-types/low_cost_flights/164-transavia.html,MERGE+301,/air-tickets/airlines/,Article 'Transavia' merged into its cluster hub,high
http://kotsistravel.gr/index.php/menu-types/low_cost_flights/164-transavia.html?tmpl=component&print=1,/index.php/menu-types/low_cost_flights/164-transavia.html,410,,Print view of an article; duplicate of the canonical page,high
http://kotsistravel.gr/index.php/menu-types/low_cost_flights/181-blu_express.html,/index.php/menu-types/low_cost_flights/181-blu_express.html,MERGE+301,/air-tickets/airlines/,Article 'Blu Express' merged into its cluster hub,high
http://kotsistravel.gr/index.php/menu-types/low_cost_flights/181-blu_express.html?tmpl=component&print=1,/index.php/menu-types/low_cost_flights/181-blu_express.html,410,,Print view of an article; duplicate of the canonical page,high
http://kotsistravel.gr/index.php/menu-types/low_cost_flights/182-smartwings.html,/index.php/menu-types/low_cost_flights/182-smartwings.html,MERGE+301,/air-tickets/airlines/,Article 'SmartWings' merged into its cluster hub,high
http://kotsistravel.gr/index.php/menu-types/low_cost_flights/182-smartwings.html?tmpl=component&print=1,/index.php/menu-types/low_cost_flights/182-smartwings.html,410,,Print view of an article; duplicate of the canonical page,high
http://kotsistravel.gr/index.php/menu-types/low_cost_flights/299-aegean_airlines.html,/index.php/menu-types/low_cost_flights/299-aegean_airlines.html,MERGE+301,/air-tickets/airlines/,Article 'AEGEAN AIRLINES' merged into its cluster hub,high
http://kotsistravel.gr/index.php/menu-types/low_cost_flights/300-,/index.php/menu-types/low_cost_flights/300-,MERGE+301,/air-tickets/airlines/,Article 'ΚΕΡΚΥΡΑ - ΡΩΜΗ ΑΠΟ 65€' merged into its cluster hub,high
http://kotsistravel.gr/index.php/menu-types/low_cost_flights/300-????_??????????_???????.html,/index.php/component/k2/300-ρωμη_αεροδρομιο_κερκυρα.html,MERGE+301,/air-tickets/airlines/,Article 'ΚΕΡΚΥΡΑ - ΡΩΜΗ ΑΠΟ 65€' merged into its cluster hub,high
http://kotsistravel.gr/index.php/menu-types/low_cost_flights/301-,/index.php/menu-types/low_cost_flights/301-,MERGE+301,/air-tickets/airlines/,Article 'ΜΙΛΑΝΟ ΑΠΟ ΚΕΡΚΥΡΑ' merged into its cluster hub,high
http://kotsistravel.gr/index.php/menu-types/low_cost_flights/300-????_??????????_???????.html?tmpl=component&print=1,/index.php/component/k2/300-ρωμη_αεροδρομιο_κερκυρα.html,410,,Print view of an article; duplicate of the canonical page,high
http://kotsistravel.gr/index.php/menu-types/low_cost_flights/301-??????-???-???????.html,/index.php/component/k2/301-μιλανο-απο-κερκυρα.html,MERGE+301,/air-tickets/airlines/,Article 'ΜΙΛΑΝΟ ΑΠΟ ΚΕΡΚΥΡΑ' merged into its cluster hub,high
http://kotsistravel.gr/index.php/menu-types/low_cost_flights/302-,/index.php/menu-types/low_cost_flights/302-,MERGE+301,/air-tickets/airlines/,Article 'ΜΠΟΛΟΝΙΑ ΑΠΟ ΘΕΣΣΑΛΟΝΙΚΗ' merged into its cluster hub,high
http://kotsistravel.gr/index.php/menu-types/low_cost_flights/302-???????_???????????_?????????.html?tmpl=component&print=1,/index.php/component/k2/302-μπλονια_θεσσαλονικη_εισιτηρια.html,410,,Print view of an article; duplicate of the canonical page,high
http://kotsistravel.gr/index.php/menu-types/low_cost_flights/301-??????-???-???????.html?tmpl=component&print=1,/index.php/component/k2/301-μιλανο-απο-κερκυρα.html,410,,Print view of an article; duplicate of the canonical page,high
http://kotsistravel.gr/index.php/menu-types/low_cost_flights/302-???????_???????????_?????????.html,/index.php/component/k2/302-μπλονια_θεσσαλονικη_εισιτηρια.html,MERGE+301,/air-tickets/airlines/,Article 'ΜΠΟΛΟΝΙΑ ΑΠΟ ΘΕΣΣΑΛΟΝΙΚΗ' merged into its cluster hub,high
http://kotsistravel.gr/index.php/menu-types/low_cost_flights/304-,/index.php/menu-types/low_cost_flights/304-,MERGE+301,/air-tickets/,Article 'ΘΕΣΣΑΛΟΝΙΚΗ - ΧΑΝΙΑ' merged into its cluster hub,high
http://kotsistravel.gr/index.php/menu-types/low_cost_flights/304-???????????_?????.html?tmpl=component&print=1,/index.php/menu-types/low_cost_flights/304-???????????_?????.html,410,,Print view of an article; duplicate of the canonical page,high
http://kotsistravel.gr/index.php/menu-types/low_cost_flights/304-???????????_?????.html,/index.php/menu-types/low_cost_flights/304-???????????_?????.html,MERGE+301,/air-tickets/,Article 'ΘΕΣΣΑΛΟΝΙΚΗ - ΧΑΝΙΑ' merged into its cluster hub,high
http://kotsistravel.gr/index.php/menu-types/low_cost_flights/308-,/index.php/menu-types/low_cost_flights/308-,MERGE+301,/air-tickets/,Article 'ΠΑΤΡΑ - ΠΑΦΟΣ' merged into its cluster hub,high
http://kotsistravel.gr/index.php/menu-types/low_cost_flights/308-?????_?????.html,/index.php/menu-types/low_cost_flights/308-?????_?????.html,MERGE+301,/air-tickets/,Article 'ΠΑΤΡΑ - ΠΑΦΟΣ' merged into its cluster hub,high
http://kotsistravel.gr/index.php/menu-types/low_cost_flights/308-?????_?????.html?tmpl=component&print=1,/index.php/menu-types/low_cost_flights/308-?????_?????.html,410,,Print view of an article; duplicate of the canonical page,high
http://kotsistravel.gr/index.php/menu-types/low_cost_flights/311-,/index.php/menu-types/low_cost_flights/311-,MERGE+301,/air-tickets/,Article 'Βόρεια Αμερική με επιστροφή' merged into its cluster hub,high
http://kotsistravel.gr/index.php/menu-types/low_cost_flights/309-aegean_airlines.html?tmpl=component&print=1,/index.php/menu-types/low_cost_flights/309-aegean_airlines.html,410,,Print view of an article; duplicate of the canonical page,high
http://kotsistravel.gr/index.php/menu-types/low_cost_flights/311-??????_???????_??_?????????.html,/index.php/menu-types/low_cost_flights/311-??????_???????_??_?????????.html,MERGE+301,/air-tickets/,Article 'Βόρεια Αμερική με επιστροφή' merged into its cluster hub,high
http://kotsistravel.gr/index.php/menu-types/low_cost_flights/309-aegean_airlines.html,/index.php/menu-types/low_cost_flights/309-aegean_airlines.html,MERGE+301,/air-tickets/airlines/,Article 'Aegean Airlines' merged into its cluster hub,high
http://kotsistravel.gr/index.php/menu-types/low_cost_flights/311-??????_???????_??_?????????.html?tmpl=component&print=1,/index.php/menu-types/low_cost_flights/311-??????_???????_??_?????????.html,410,,Print view of an article; duplicate of the canonical page,high
http://kotsistravel.gr/index.php/menu-types/low_cost_flights/314-,/index.php/menu-types/low_cost_flights/314-,MERGE+301,/holiday-packages/,Article 'Ελλάδα και Εξωτερικο' merged into its cluster hub,high
http://kotsistravel.gr/index.php/menu-types/low_cost_flights/315-aegean.html,/index.php/menu-types/low_cost_flights/315-aegean.html,MERGE+301,/air-tickets/airlines/,Article 'Aegean' merged into its cluster hub,high
http://kotsistravel.gr/index.php/menu-types/low_cost_flights/314-??????_???_?????????.html?tmpl=component&print=1,/index.php/menu-types/low_cost_flights/314-??????_???_?????????.html,410,,Print view of an article; duplicate of the canonical page,high
http://kotsistravel.gr/index.php/menu-types/low_cost_flights/314-??????_???_?????????.html,/index.php/menu-types/low_cost_flights/314-??????_???_?????????.html,MERGE+301,/holiday-packages/,Article 'Ελλάδα και Εξωτερικο' merged into its cluster hub,high
http://kotsistravel.gr/index.php/menu-types/low_cost_flights/315-aegean.html?tmpl=component&print=1,/index.php/menu-types/low_cost_flights/315-aegean.html,410,,Print view of an article; duplicate of the canonical page,high
http://kotsistravel.gr/index.php/menu-types/low_cost_flights/331-??????????_???????_2015.html?tmpl=component&print=1,/index.php/menu-types/low_cost_flights/331-??????????_???????_2015.html,410,,Print view of an article; duplicate of the canonical page,high
http://kotsistravel.gr/index.php/newsletter.html,/index.php/newsletter.html,410,,Newsletter signup component; no standalone page,high
http://kotsistravel.gr/index.php/menu-types/low_cost_flights/331-??????????_???????_2015.html,/index.php/menu-types/low_cost_flights/331-??????????_???????_2015.html,MERGE+301,/air-tickets/,Article 'Προορισμοί από Κέρκυρα για το 2015' merged into its cluster hub,high
http://kotsistravel.gr/index.php/menu-types/low_cost_flights/331-,/index.php/menu-types/low_cost_flights/331-,MERGE+301,/air-tickets/,Article 'Προορισμοί από Κέρκυρα για το 2015' merged into its cluster hub,high
http://kotsistravel.gr/index.php/newsletter.html?tmpl=component&print=1&page=,/index.php/newsletter.html,410,,Print view of an article; duplicate of the canonical page,high
http://kotsistravel.gr/index.php/offset/102-general-questions-about-travel.html,/index.php/offset/102-general-questions-about-travel.html,MERGE+301,/faq/,Article 'Γενικές Ερωτήσεις' merged into its cluster hub,high
http://kotsistravel.gr/index.php/offset/103-atm-charges-use-abroad.html,/index.php/offset/103-atm-charges-use-abroad.html,301,/travel-guides/money-abroad/,Article 'ATM Εξωτερικού - Χρεώσεις' has a dedicated page,high
http://kotsistravel.gr/index.php/offset.html,/index.php/offset.html,MERGE+301,/travel-guides/,Legacy information section,high
http://kotsistravel.gr/index.php/offset/101-mobiles-roaming.html,/index.php/offset/101-mobiles-roaming.html,MERGE+301,/faq/,Article 'Κινητά & Περιαγωγή' merged into its cluster hub,high
http://kotsistravel.gr/index.php/offset/104-flight-info-ferry-info.html,/index.php/offset/104-flight-info-ferry-info.html,MERGE+301,/faq/,Article 'Αεροπορικά-Ακτοπλοϊκά' merged into its cluster hub,high
http://kotsistravel.gr/index.php/offset/107-school-trips.html,/index.php/offset/107-school-trips.html,301,/school-trips/,Article 'Σχολικές Εκδρομές' has a dedicated page,high
http://kotsistravel.gr/index.php/offset/106-about-currency-exchange.html,/index.php/offset/106-about-currency-exchange.html,301,/travel-guides/money-abroad/,Article 'Σχετικά με το Συνάλλαγμα' has a dedicated page,high
http://kotsistravel.gr/index.php/offset/109-transfer-transportation.html,/index.php/offset/109-transfer-transportation.html,301,https://kotsis.travel/,Article 'Μεταφορές' has a dedicated page,high
http://kotsistravel.gr/index.php/offset/105-room-terminology.html,/index.php/offset/105-room-terminology.html,MERGE+301,/faq/,Article 'Ορολογία Δωματίων' merged into its cluster hub,high
http://kotsistravel.gr/index.php/offset/115-money-transfer.html,/index.php/offset/115-money-transfer.html,301,https://kotsis.travel/,Article 'Μεταφορές Χρημάτων' has a dedicated page,high
http://kotsistravel.gr/index.php/offset/117-business-travellers.html,/index.php/offset/117-business-travellers.html,301,/business-travel/,Article 'Επαγγελματικά Ταξίδια' has a dedicated page,high
http://kotsistravel.gr/index.php/offset/118-cruise_boat_agent.html,/index.php/offset/118-cruise_boat_agent.html,301,/cruises/,Article 'Πρακτορεύσεις Κρουαζιερόπλοιων' has a dedicated page,high
http://kotsistravel.gr/index.php/offset/116-vip-travel.html,/index.php/offset/116-vip-travel.html,301,/vip-travel/,Article 'Πανόραμα Ελβετίας' has a dedicated page,high
http://kotsistravel.gr/index.php/offset/37-prin-to-taksidi.html,/index.php/offset/37-prin-to-taksidi.html,301,/travel-guides/passports-visas/,Passports & visas,high
http://kotsistravel.gr/index.php/offset/37-prin-to-taksidi/74-diavatiria-kai-viza.html,/index.php/offset/37-prin-to-taksidi/74-diavatiria-kai-viza.html,301,/travel-guides/passports-visas/,Article 'Διαβατήρια & Βίζα' has a dedicated page,high
http://kotsistravel.gr/index.php/offset/37-prin-to-taksidi/77-aposkeves-ti-prepei-na-gnorizete.html,/index.php/offset/37-prin-to-taksidi/77-aposkeves-ti-prepei-na-gnorizete.html,301,/travel-guides/baggage/,Article 'Τι πρέπει να γνωρίζετε για τις αποσκευές' has a dedicated page,high
http://kotsistravel.gr/index.php/offset/37-prin-to-taksidi/74-diavatiria-kai-viza.html?tmpl=component&print=1&page=,/index.php/offset/37-prin-to-taksidi/74-diavatiria-kai-viza.html,410,,Print view of an article; duplicate of the canonical page,high
http://kotsistravel.gr/index.php/offset/37-prin-to-taksidi/81-travel-insurance.html,/index.php/offset/37-prin-to-taksidi/81-travel-insurance.html,301,/travel-insurance/,Article 'Ασφάλεια Ταξιδίου' has a dedicated page,high
http://kotsistravel.gr/index.php/offset/37-prin-to-taksidi/77-aposkeves-ti-prepei-na-gnorizete.html?tmpl=component&print=1&page=,/index.php/offset/37-prin-to-taksidi/77-aposkeves-ti-prepei-na-gnorizete.html,410,,Print view of an article; duplicate of the canonical page,high
http://kotsistravel.gr/index.php/offset/37-prin-to-taksidi/81-travel-insurance.html?tmpl=component&print=1&page=,/index.php/offset/37-prin-to-taksidi/81-travel-insurance.html,410,,Print view of an article; duplicate of the canonical page,high
http://kotsistravel.gr/index.php/offset/37-prin-to-taksidi/84-passport-issue.html?tmpl=component&print=1&page=,/index.php/offset/37-prin-to-taksidi/84-passport-issue.html,410,,Print view of an article; duplicate of the canonical page,high
http://kotsistravel.gr/index.php/offset/37-prin-to-taksidi/84-passport-issue.html,/index.php/offset/37-prin-to-taksidi/84-passport-issue.html,301,/travel-guides/passports-visas/,Article 'Έκδοση Διαβατηρίων' has a dedicated page,high
http://kotsistravel.gr/index.php/offset/37-prin-to-taksidi/89-vaccination.html?tmpl=component&print=1&page=,/index.php/offset/37-prin-to-taksidi/89-vaccination.html,410,,Print view of an article; duplicate of the canonical page,high
http://kotsistravel.gr/index.php/offset/37-prin-to-taksidi/89-vaccination.html,/index.php/offset/37-prin-to-taksidi/89-vaccination.html,301,/travel-guides/vaccinations/,Article 'Εμβολιασμός' has a dedicated page,high
http://kotsistravel.gr/index.php/offset/37-prin-to-taksidi/92-european-insurance-card.html,/index.php/offset/37-prin-to-taksidi/92-european-insurance-card.html,301,/travel-guides/european-health-insurance-card/,Article 'Νορβηγικοί Θρύλοι' has a dedicated page,high
http://kotsistravel.gr/index.php/offset/37-prin-to-taksidi/92-european-insurance-card.html?tmpl=component&print=1&page=,/index.php/offset/37-prin-to-taksidi/92-european-insurance-card.html,410,,Print view of an article; duplicate of the canonical page,high
http://kotsistravel.gr/index.php/offset/42-information/87-airports-greece.html,/index.php/offset/42-information/87-airports-greece.html,MERGE+301,/travel-guides/,Article 'Αεροδρόμια Εσωτερικού' merged into its cluster hub,high
http://kotsistravel.gr/index.php/offset/42-information/83-greek-embassies.html?tmpl=component&print=1&page=,/index.php/offset/42-information/83-greek-embassies.html,410,,Print view of an article; duplicate of the canonical page,high
http://kotsistravel.gr/index.php/offset/42-information/83-greek-embassies.html,/index.php/offset/42-information/83-greek-embassies.html,MERGE+301,/travel-guides/,Article 'Ελληνικές Πρεσβείες' merged into its cluster hub,high
http://kotsistravel.gr/index.php/offset/42-information/87-airports-greece.html?tmpl=component&print=1&page=,/index.php/offset/42-information/87-airports-greece.html,410,,Print view of an article; duplicate of the canonical page,high
http://kotsistravel.gr/index.php/offset/42-information/88-port-authorities.html?tmpl=component&print=1&page=,/index.php/offset/42-information/88-port-authorities.html,410,,Print view of an article; duplicate of the canonical page,high
http://kotsistravel.gr/index.php/offset/42-information/90-travel-to-europe.html,/index.php/offset/42-information/90-travel-to-europe.html,MERGE+301,/travel-guides/,Article 'Ταξιδεύοντας στην Ευρώπη' merged into its cluster hub,high
http://kotsistravel.gr/index.php/offset/42-information/88-port-authorities.html,/index.php/offset/42-information/88-port-authorities.html,MERGE+301,/travel-guides/,Article 'Κεντρικά Λιμεναρχεία' merged into its cluster hub,high
http://kotsistravel.gr/index.php/offset/42-information/90-travel-to-europe.html?tmpl=component&print=1&page=,/index.php/offset/42-information/90-travel-to-europe.html,410,,Print view of an article; duplicate of the canonical page,high
http://kotsistravel.gr/index.php/offset/42-information/96-issue-visa-when-to.html,/index.php/offset/42-information/96-issue-visa-when-to.html,301,/travel-guides/passports-visas/,Article 'Έκδοση VISA - Πότε χρειάζεται' has a dedicated page,high
http://kotsistravel.gr/index.php/offset/45-travel-advise/91-when-to-book-airtickets.html,/index.php/offset/45-travel-advise/91-when-to-book-airtickets.html,301,/travel-guides/when-to-book-flights/,Article 'Κρατήσεις Αεροπορικών - Πότε;' has a dedicated page,high
http://kotsistravel.gr/index.php/offset/42-information/97-travel-handicapped.html?tmpl=component&print=1&page=,/index.php/offset/42-information/97-travel-handicapped.html,410,,Print view of an article; duplicate of the canonical page,high
http://kotsistravel.gr/index.php/offset/42-information/96-issue-visa-when-to.html?tmpl=component&print=1&page=,/index.php/offset/42-information/96-issue-visa-when-to.html,410,,Print view of an article; duplicate of the canonical page,high
http://kotsistravel.gr/index.php/offset/42-information/97-travel-handicapped.html,/index.php/offset/42-information/97-travel-handicapped.html,301,/travel-guides/accessible-travel/,Article 'AMEA & Ταξίδι' has a dedicated page,high
http://kotsistravel.gr/index.php/offset/45-travel-advise/91-when-to-book-airtickets.html?tmpl=component&print=1&page=,/index.php/offset/45-travel-advise/91-when-to-book-airtickets.html,410,,Print view of an article; duplicate of the canonical page,high
http://kotsistravel.gr/index.php/offset/45-travel-advise/94-green-travellers.html,/index.php/offset/45-travel-advise/94-green-travellers.html,MERGE+301,/air-tickets/from-corfu/,Article 'Κέρκυρα-Πράγα' merged into its cluster hub,high
http://kotsistravel.gr/index.php/offset/45-travel-advise/93-when-to-exchange-currency.html?tmpl=component&print=1&page=,/index.php/offset/45-travel-advise/93-when-to-exchange-currency.html,410,,Print view of an article; duplicate of the canonical page,high
http://kotsistravel.gr/index.php/offset/45-travel-advise/94-green-travellers.html?tmpl=component&print=1&page=,/index.php/offset/45-travel-advise/94-green-travellers.html,410,,Print view of an article; duplicate of the canonical page,high
http://kotsistravel.gr/index.php/offset/45-travel-advise/93-when-to-exchange-currency.html,/index.php/offset/45-travel-advise/93-when-to-exchange-currency.html,301,/travel-guides/money-abroad/,Article 'Κέρκυρα-Βενετία' has a dedicated page,high
http://kotsistravel.gr/index.php/offset/45-travel-advise/95-how-to-deal-with-jet-lag.html,/index.php/offset/45-travel-advise/95-how-to-deal-with-jet-lag.html,MERGE+301,/air-tickets/from-corfu/,Article 'Κέρκυρα - Λονδίνο' merged into its cluster hub,high
http://kotsistravel.gr/index.php/offset/45-travel-advise/98-when-to-give-tip.html?tmpl=component&print=1&page=,/index.php/offset/45-travel-advise/98-when-to-give-tip.html,410,,Print view of an article; duplicate of the canonical page,high
http://kotsistravel.gr/index.php/offset/45-travel-advise/95-how-to-deal-with-jet-lag.html?tmpl=component&print=1&page=,/index.php/offset/45-travel-advise/95-how-to-deal-with-jet-lag.html,410,,Print view of an article; duplicate of the canonical page,high
http://kotsistravel.gr/index.php/offset/45-travel-advise/99-car-travel.html,/index.php/offset/45-travel-advise/99-car-travel.html,301,/travel-guides/travel-by-car/,Article 'Βερολίνο' has a dedicated page,high
http://kotsistravel.gr/index.php/offset/45-travel-advise/98-when-to-give-tip.html,/index.php/offset/45-travel-advise/98-when-to-give-tip.html,MERGE+301,/air-tickets/from-corfu/,Article 'Κέρκυρα - Βιέννη' merged into its cluster hub,high
http://kotsistravel.gr/index.php/offset/45-travel-advise/99-car-travel.html?tmpl=component&print=1&page=,/index.php/offset/45-travel-advise/99-car-travel.html,410,,Print view of an article; duplicate of the canonical page,high
http://kotsistravel.gr/index.php/offset/46-frequently-asked-questions-faq/101-mobiles-roaming.html,/index.php/offset/46-frequently-asked-questions-faq/101-mobiles-roaming.html,MERGE+301,/faq/,Article 'Κινητά & Περιαγωγή' merged into its cluster hub,high
http://kotsistravel.gr/index.php/offset/46-frequently-asked-questions-faq/101-mobiles-roaming.html?tmpl=component&print=1&page=,/index.php/offset/46-frequently-asked-questions-faq/101-mobiles-roaming.html,410,,Print view of an article; duplicate of the canonical page,high
http://kotsistravel.gr/index.php/offset/46-frequently-asked-questions-faq/102-general-questions-about-travel.html?tmpl=component&print=1&page=,/index.php/offset/46-frequently-asked-questions-faq/102-general-questions-about-travel.html,410,,Print view of an article; duplicate of the canonical page,high
http://kotsistravel.gr/index.php/offset/46-frequently-asked-questions-faq/102-general-questions-about-travel.html,/index.php/offset/46-frequently-asked-questions-faq/102-general-questions-about-travel.html,MERGE+301,/faq/,Article 'Γενικές Ερωτήσεις' merged into its cluster hub,high
http://kotsistravel.gr/index.php/offset/46-frequently-asked-questions-faq/103-atm-charges-use-abroad.html,/index.php/offset/46-frequently-asked-questions-faq/103-atm-charges-use-abroad.html,301,/travel-guides/money-abroad/,Article 'ATM Εξωτερικού - Χρεώσεις' has a dedicated page,high
http://kotsistravel.gr/index.php/offset/46-frequently-asked-questions-faq/104-flight-info-ferry-info.html?tmpl=component&print=1&page=,/index.php/offset/46-frequently-asked-questions-faq/104-flight-info-ferry-info.html,410,,Print view of an article; duplicate of the canonical page,high
http://kotsistravel.gr/index.php/offset/46-frequently-asked-questions-faq/105-room-terminology.html,/index.php/offset/46-frequently-asked-questions-faq/105-room-terminology.html,MERGE+301,/faq/,Article 'Ορολογία Δωματίων' merged into its cluster hub,high
http://kotsistravel.gr/index.php/offset/46-frequently-asked-questions-faq/104-flight-info-ferry-info.html,/index.php/offset/46-frequently-asked-questions-faq/104-flight-info-ferry-info.html,MERGE+301,/faq/,Article 'Αεροπορικά-Ακτοπλοϊκά' merged into its cluster hub,high
http://kotsistravel.gr/index.php/offset/46-frequently-asked-questions-faq/103-atm-charges-use-abroad.html?tmpl=component&print=1&page=,/index.php/offset/46-frequently-asked-questions-faq/103-atm-charges-use-abroad.html,410,,Print view of an article; duplicate of the canonical page,high
http://kotsistravel.gr/index.php/offset/46-frequently-asked-questions-faq/105-room-terminology.html?tmpl=component&print=1&page=,/index.php/offset/46-frequently-asked-questions-faq/105-room-terminology.html,410,,Print view of an article; duplicate of the canonical page,high
http://kotsistravel.gr/index.php/offset/47-services/107-school-trips.html,/index.php/offset/47-services/107-school-trips.html,301,/school-trips/,Article 'Σχολικές Εκδρομές' has a dedicated page,high
http://kotsistravel.gr/index.php/offset/47-services/107-school-trips.html?tmpl=component&print=1&page=,/index.php/offset/47-services/107-school-trips.html,410,,Print view of an article; duplicate of the canonical page,high
http://kotsistravel.gr/index.php/offset/46-frequently-asked-questions-faq/106-about-currency-exchange.html,/index.php/offset/46-frequently-asked-questions-faq/106-about-currency-exchange.html,301,/travel-guides/money-abroad/,Article 'Σχετικά με το Συνάλλαγμα' has a dedicated page,high
http://kotsistravel.gr/index.php/offset/46-frequently-asked-questions-faq/106-about-currency-exchange.html?tmpl=component&print=1&page=,/index.php/offset/46-frequently-asked-questions-faq/106-about-currency-exchange.html,410,,Print view of an article; duplicate of the canonical page,high
http://kotsistravel.gr/index.php/offset/47-services/109-transfer-transportation.html,/index.php/offset/47-services/109-transfer-transportation.html,301,https://kotsis.travel/,Article 'Μεταφορές' has a dedicated page,high
http://kotsistravel.gr/index.php/offset/47-services/109-transfer-transportation.html?tmpl=component&print=1&page=,/index.php/offset/47-services/109-transfer-transportation.html,410,,Print view of an article; duplicate of the canonical page,high
http://kotsistravel.gr/index.php/offset/47-services/115-?????????_????????.html,/index.php/component/k2/115-κρουαζιέρες-ελληνικά-νησιά-μειωμένες-τιμές.html,MERGE+301,/business-travel/,Article 'Μεταφορές Χρημάτων' merged into its cluster hub,high
http://kotsistravel.gr/index.php/offset/47-services/115-?????????_????????.html?tmpl=component&print=1&page=,/index.php/component/k2/115-κρουαζιέρες-ελληνικά-νησιά-μειωμένες-τιμές.html,410,,Print view of an article; duplicate of the canonical page,high
http://kotsistravel.gr/index.php/offset/47-services/116-vip-travel.html,/index.php/offset/47-services/116-vip-travel.html,301,/vip-travel/,Article 'Πανόραμα Ελβετίας' has a dedicated page,high
http://kotsistravel.gr/index.php/offset/47-services/116-vip-travel.html?tmpl=component&print=1&page=,/index.php/offset/47-services/116-vip-travel.html,410,,Print view of an article; duplicate of the canonical page,high
http://kotsistravel.gr/index.php/offset/47-services/117-business-travellers.html,/index.php/offset/47-services/117-business-travellers.html,301,/business-travel/,Article 'Επαγγελματικά Ταξίδια' has a dedicated page,high
http://kotsistravel.gr/index.php/offset/47-services/118-?????????????_????????????????.html,/index.php/offset/118-cruise_boat_agent.html,301,/cruises/,Article 'Πρακτορεύσεις Κρουαζιερόπλοιων' has a dedicated page,high
http://kotsistravel.gr/index.php/offset/47-services/118-?????????????_????????????????.html?tmpl=component&print=1&page=,/index.php/offset/118-cruise_boat_agent.html,410,,Print view of an article; duplicate of the canonical page,high
http://kotsistravel.gr/index.php/offset/47-services/117-business-travellers.html?tmpl=component&print=1&page=,/index.php/offset/47-services/117-business-travellers.html,410,,Print view of an article; duplicate of the canonical page,high
http://kotsistravel.gr/index.php/offset/74-diavatiria-kai-viza.html,/index.php/offset/74-diavatiria-kai-viza.html,301,/travel-guides/passports-visas/,Article 'Διαβατήρια & Βίζα' has a dedicated page,high
http://kotsistravel.gr/index.php/offset/84-passport-issue.html,/index.php/offset/84-passport-issue.html,301,/travel-guides/passports-visas/,Article 'Έκδοση Διαβατηρίων' has a dedicated page,high
http://kotsistravel.gr/index.php/offset/83-greek-embassies.html,/index.php/offset/83-greek-embassies.html,MERGE+301,/travel-guides/,Article 'Ελληνικές Πρεσβείες' merged into its cluster hub,high
http://kotsistravel.gr/index.php/offset/77-aposkeves-ti-prepei-na-gnorizete.html,/index.php/offset/77-aposkeves-ti-prepei-na-gnorizete.html,301,/travel-guides/baggage/,Article 'Τι πρέπει να γνωρίζετε για τις αποσκευές' has a dedicated page,high
http://kotsistravel.gr/index.php/offset/81-travel-insurance.html,/index.php/offset/81-travel-insurance.html,301,/travel-insurance/,Article 'Ασφάλεια Ταξιδίου' has a dedicated page,high
http://kotsistravel.gr/index.php/offset/87-airports-greece.html,/index.php/offset/87-airports-greece.html,MERGE+301,/travel-guides/,Article 'Αεροδρόμια Εσωτερικού' merged into its cluster hub,high
http://kotsistravel.gr/index.php/offset/90-travel-to-europe.html,/index.php/offset/90-travel-to-europe.html,MERGE+301,/travel-guides/,Article 'Ταξιδεύοντας στην Ευρώπη' merged into its cluster hub,high
http://kotsistravel.gr/index.php/offset/88-port-authorities.html,/index.php/offset/88-port-authorities.html,MERGE+301,/travel-guides/,Article 'Κεντρικά Λιμεναρχεία' merged into its cluster hub,high
http://kotsistravel.gr/index.php/offset/89-vaccination.html,/index.php/offset/89-vaccination.html,301,/travel-guides/vaccinations/,Article 'Εμβολιασμός' has a dedicated page,high
http://kotsistravel.gr/index.php/offset/91-when-to-book-airtickets.html,/index.php/offset/91-when-to-book-airtickets.html,301,/travel-guides/when-to-book-flights/,Article 'Κρατήσεις Αεροπορικών - Πότε;' has a dedicated page,high
http://kotsistravel.gr/index.php/offset/92-european-insurance-card.html,/index.php/offset/92-european-insurance-card.html,301,/travel-guides/european-health-insurance-card/,Article 'Νορβηγικοί Θρύλοι' has a dedicated page,high
http://kotsistravel.gr/index.php/offset/95-how-to-deal-with-jet-lag.html,/index.php/offset/95-how-to-deal-with-jet-lag.html,MERGE+301,/air-tickets/from-corfu/,Article 'Κέρκυρα - Λονδίνο' merged into its cluster hub,high
http://kotsistravel.gr/index.php/offset/94-green-travellers.html,/index.php/offset/94-green-travellers.html,MERGE+301,/air-tickets/from-corfu/,Article 'Κέρκυρα-Πράγα' merged into its cluster hub,high
http://kotsistravel.gr/index.php/offset/93-when-to-exchange-currency.html,/index.php/offset/93-when-to-exchange-currency.html,301,/travel-guides/money-abroad/,Article 'Κέρκυρα-Βενετία' has a dedicated page,high
http://kotsistravel.gr/index.php/offset/96-issue-visa-when-to.html,/index.php/offset/96-issue-visa-when-to.html,301,/travel-guides/passports-visas/,Article 'Έκδοση VISA - Πότε χρειάζεται' has a dedicated page,high
http://kotsistravel.gr/index.php/offset/97-travel-handicapped.html,/index.php/offset/97-travel-handicapped.html,301,/travel-guides/accessible-travel/,Article 'AMEA & Ταξίδι' has a dedicated page,high
http://kotsistravel.gr/index.php/offset/99-car-travel.html,/index.php/offset/99-car-travel.html,301,/travel-guides/travel-by-car/,Article 'Βερολίνο' has a dedicated page,high
http://kotsistravel.gr/index.php/offset/98-when-to-give-tip.html,/index.php/offset/98-when-to-give-tip.html,MERGE+301,/air-tickets/from-corfu/,Article 'Κέρκυρα - Βιέννη' merged into its cluster hub,high
http://kotsistravel.gr/index.php/terms-airtickets.html,/index.php/terms-airtickets.html,301,/terms/air-tickets/,Air ticket terms,high
http://kotsistravel.gr/index.php/terms-airtickets.html?tmpl=component&print=1&page=,/index.php/terms-airtickets.html,410,,Print view of an article; duplicate of the canonical page,high
http://kotsistravel.gr/index.php/terms-ferry.html,/index.php/terms-ferry.html,301,/terms/ferry-tickets/,Ferry ticket terms,high
http://kotsistravel.gr/index.php/terms-ferry.html?tmpl=component&print=1&page=,/index.php/terms-ferry.html,410,,Print view of an article; duplicate of the canonical page,high
http://kotsistravel.gr/index.php/time-difference.html,/index.php/time-difference.html,301,/travel-guides/,Time difference reference,high
http://kotsistravel.gr/index.php/typography/top_10_family_hotels.html,/index.php/typography/top_10_family_hotels.html,MERGE+301,/hotels/,Thin 'Top 10 hotels' listicles merged into the hotels hub,high
http://kotsistravel.gr/index.php/time-difference.html?tmpl=component&print=1&page=,/index.php/time-difference.html,410,,Print view of an article; duplicate of the canonical page,high
http://kotsistravel.gr/index.php/typography/top_10_family_hotels.html?start=9,/index.php/typography/top_10_family_hotels.html,301,/hotels/,Paginated category view; folds into its hub,high
http://kotsistravel.gr/index.php/typography/top_10_family_hotels/263-louis_kerkyra_golf.html,/index.php/typography/top_10_family_hotels/263-louis_kerkyra_golf.html,MERGE+301,/hotels/,Thin 'Top 10 hotels' listicles merged into the hotels hub,high
http://kotsistravel.gr/index.php/typography/top_10_family_hotels/264-caretta_beach_hotel.html,/index.php/typography/top_10_family_hotels/264-caretta_beach_hotel.html,MERGE+301,/hotels/,Thin 'Top 10 hotels' listicles merged into the hotels hub,high
http://kotsistravel.gr/index.php/typography/top_10_family_hotels/265-caretta_beach.html,/index.php/typography/top_10_family_hotels/265-caretta_beach.html,MERGE+301,/hotels/,Thin 'Top 10 hotels' listicles merged into the hotels hub,high
http://kotsistravel.gr/index.php/typography/top_10_family_hotels/262-porto_sani_village.html,/index.php/typography/top_10_family_hotels/262-porto_sani_village.html,MERGE+301,/hotels/,Thin 'Top 10 hotels' listicles merged into the hotels hub,high
http://kotsistravel.gr/index.php/typography/top_10_family_hotels/266-hotel_stefan_village.html,/index.php/typography/top_10_family_hotels/266-hotel_stefan_village.html,MERGE+301,/hotels/,Thin 'Top 10 hotels' listicles merged into the hotels hub,high
http://kotsistravel.gr/index.php/typography/top_10_family_hotels/267-alykanas_village_hotel.html,/index.php/typography/top_10_family_hotels/267-alykanas_village_hotel.html,MERGE+301,/hotels/,Thin 'Top 10 hotels' listicles merged into the hotels hub,high
http://kotsistravel.gr/index.php/typography/top_10_family_hotels/269-planos_bay_hotel.html,/index.php/typography/top_10_family_hotels/269-planos_bay_hotel.html,MERGE+301,/hotels/,Thin 'Top 10 hotels' listicles merged into the hotels hub,high
http://kotsistravel.gr/index.php/typography/top_10_family_hotels/270-stella_palace_hotel.html,/index.php/typography/top_10_family_hotels/270-stella_palace_hotel.html,MERGE+301,/hotels/,Thin 'Top 10 hotels' listicles merged into the hotels hub,high
http://kotsistravel.gr/index.php/typography/top_10_family_hotels/268-candia_park_village.html,/index.php/typography/top_10_family_hotels/268-candia_park_village.html,MERGE+301,/hotels/,Thin 'Top 10 hotels' listicles merged into the hotels hub,high
http://kotsistravel.gr/index.php/typography/top_10_family_hotels/300-????_??????????_???????.html,/index.php/component/k2/300-ρωμη_αεροδρομιο_κερκυρα.html,MERGE+301,/air-tickets/airlines/,Article 'ΚΕΡΚΥΡΑ - ΡΩΜΗ ΑΠΟ 65€' merged into its cluster hub,high
http://kotsistravel.gr/index.php/typography/top_10_family_hotels/308-?????_?????.html,/index.php/typography/top_10_family_hotels/308-?????_?????.html,MERGE+301,/air-tickets/,Article 'ΠΑΤΡΑ - ΠΑΦΟΣ' merged into its cluster hub,high
http://kotsistravel.gr/index.php/typography/top_10_family_hotels/304-???????????_?????.html,/index.php/typography/top_10_family_hotels/304-???????????_?????.html,MERGE+301,/air-tickets/,Article 'ΘΕΣΣΑΛΟΝΙΚΗ - ΧΑΝΙΑ' merged into its cluster hub,high
http://kotsistravel.gr/index.php/typography/top_10_family_hotels/301-??????-???-???????.html,/index.php/component/k2/301-μιλανο-απο-κερκυρα.html,MERGE+301,/air-tickets/airlines/,Article 'ΜΙΛΑΝΟ ΑΠΟ ΚΕΡΚΥΡΑ' merged into its cluster hub,high
http://kotsistravel.gr/index.php/typography/top_10_family_hotels/302-???????_???????????_?????????.html,/index.php/component/k2/302-μπλονια_θεσσαλονικη_εισιτηρια.html,MERGE+301,/air-tickets/airlines/,Article 'ΜΠΟΛΟΝΙΑ ΑΠΟ ΘΕΣΣΑΛΟΝΙΚΗ' merged into its cluster hub,high
http://kotsistravel.gr/index.php/typography/top_10_family_hotels/309-aegean_airlines.html,/index.php/typography/top_10_family_hotels/309-aegean_airlines.html,MERGE+301,/air-tickets/airlines/,Article 'Aegean Airlines' merged into its cluster hub,high
http://kotsistravel.gr/index.php/typography/top_10_family_hotels/311-??????_???????_??_?????????.html,/index.php/typography/top_10_family_hotels/311-??????_???????_??_?????????.html,MERGE+301,/air-tickets/,Article 'Βόρεια Αμερική με επιστροφή' merged into its cluster hub,high
http://kotsistravel.gr/index.php/typography/top_10_family_hotels/315-aegean.html,/index.php/typography/top_10_family_hotels/315-aegean.html,MERGE+301,/air-tickets/airlines/,Article 'Aegean' merged into its cluster hub,high
http://kotsistravel.gr/index.php/typography/top_10_family_hotels/331-??????????_???????_2015.html,/index.php/typography/top_10_family_hotels/331-??????????_???????_2015.html,MERGE+301,/air-tickets/,Article 'Προορισμοί από Κέρκυρα για το 2015' merged into its cluster hub,high
http://kotsistravel.gr/index.php/typography/top_10_family_hotels/314-??????_???_?????????.html,/index.php/typography/top_10_family_hotels/314-??????_???_?????????.html,MERGE+301,/holiday-packages/,Article 'Ελλάδα και Εξωτερικο' merged into its cluster hub,high
http://kotsistravel.gr/index.php/typography/top_10_resorts.html,/index.php/typography/top_10_resorts.html,MERGE+301,/hotels/,Thin 'Top 10 hotels' listicles merged into the hotels hub,high
http://kotsistravel.gr/index.php/typography/top_10_resorts.html?start=9,/index.php/typography/top_10_resorts.html,301,/hotels/,Paginated category view; folds into its hub,high
http://kotsistravel.gr/index.php/typography/top_10_resorts/284-hotel_ceasar_augustus.html,/index.php/typography/top_10_resorts/284-hotel_ceasar_augustus.html,MERGE+301,/hotels/,Thin 'Top 10 hotels' listicles merged into the hotels hub,high
http://kotsistravel.gr/index.php/typography/top_10_resorts/282-lodge_kauri_cliffs_northland.html,/index.php/typography/top_10_resorts/282-lodge_kauri_cliffs_northland.html,MERGE+301,/hotels/,Thin 'Top 10 hotels' listicles merged into the hotels hub,high
http://kotsistravel.gr/index.php/typography/top_10_resorts/283-taj_exotica_resort_spa.html,/index.php/typography/top_10_resorts/283-taj_exotica_resort_spa.html,MERGE+301,/hotels/,Thin 'Top 10 hotels' listicles merged into the hotels hub,high
http://kotsistravel.gr/index.php/typography/top_10_resorts/285-palazzo_avino_ravello.html,/index.php/typography/top_10_resorts/285-palazzo_avino_ravello.html,MERGE+301,/hotels/,Thin 'Top 10 hotels' listicles merged into the hotels hub,high
http://kotsistravel.gr/index.php/typography/top_10_resorts/288-la_villa_galicci_aix_en_provence.html,/index.php/typography/top_10_resorts/288-la_villa_galicci_aix_en_provence.html,MERGE+301,/hotels/,Thin 'Top 10 hotels' listicles merged into the hotels hub,high
http://kotsistravel.gr/index.php/typography/top_10_resorts/289-four_seasons_resort_bora_bora.html,/index.php/typography/top_10_resorts/289-four_seasons_resort_bora_bora.html,MERGE+301,/hotels/,Thin 'Top 10 hotels' listicles merged into the hotels hub,high
http://kotsistravel.gr/index.php/typography/top_10_resorts/286-sabi_sabi_private_game_reserve.html,/index.php/typography/top_10_resorts/286-sabi_sabi_private_game_reserve.html,MERGE+301,/hotels/,Thin 'Top 10 hotels' listicles merged into the hotels hub,high
http://kotsistravel.gr/index.php/typography/top_10_resorts/287-peninsula_house_las_terrenas_samana.html,/index.php/typography/top_10_resorts/287-peninsula_house_las_terrenas_samana.html,MERGE+301,/hotels/,Thin 'Top 10 hotels' listicles merged into the hotels hub,high
http://kotsistravel.gr/index.php/typography/top_10_resorts/290-perivolas_santorini.html,/index.php/typography/top_10_resorts/290-perivolas_santorini.html,MERGE+301,/hotels/,Thin 'Top 10 hotels' listicles merged into the hotels hub,high
http://kotsistravel.gr/index.php/typography/top_10_resorts/301-??????-???-???????.html,/index.php/component/k2/301-μιλανο-απο-κερκυρα.html,MERGE+301,/air-tickets/airlines/,Article 'ΜΙΛΑΝΟ ΑΠΟ ΚΕΡΚΥΡΑ' merged into its cluster hub,high
http://kotsistravel.gr/index.php/typography/top_10_resorts/302-,/index.php/typography/top_10_resorts/302-,MERGE+301,/air-tickets/airlines/,Article 'ΜΠΟΛΟΝΙΑ ΑΠΟ ΘΕΣΣΑΛΟΝΙΚΗ' merged into its cluster hub,high
http://kotsistravel.gr/index.php/typography/top_10_resorts/300-????_??????????_???????.html,/index.php/component/k2/300-ρωμη_αεροδρομιο_κερκυρα.html,MERGE+301,/air-tickets/airlines/,Article 'ΚΕΡΚΥΡΑ - ΡΩΜΗ ΑΠΟ 65€' merged into its cluster hub,high
http://kotsistravel.gr/index.php/typography/top_10_resorts/301-,/index.php/typography/top_10_resorts/301-,MERGE+301,/air-tickets/airlines/,Article 'ΜΙΛΑΝΟ ΑΠΟ ΚΕΡΚΥΡΑ' merged into its cluster hub,high
http://kotsistravel.gr/index.php/typography/top_10_resorts/302-???????_???????????_?????????.html,/index.php/component/k2/302-μπλονια_θεσσαλονικη_εισιτηρια.html,MERGE+301,/air-tickets/airlines/,Article 'ΜΠΟΛΟΝΙΑ ΑΠΟ ΘΕΣΣΑΛΟΝΙΚΗ' merged into its cluster hub,high
http://kotsistravel.gr/index.php/typography/top_10_resorts/304-???????????_?????.html?tmpl=component&print=1,/index.php/typography/top_10_resorts/304-???????????_?????.html,410,,Print view of an article; duplicate of the canonical page,high
http://kotsistravel.gr/index.php/typography/top_10_resorts/304-???????????_?????.html,/index.php/typography/top_10_resorts/304-???????????_?????.html,MERGE+301,/air-tickets/,Article 'ΘΕΣΣΑΛΟΝΙΚΗ - ΧΑΝΙΑ' merged into its cluster hub,high
http://kotsistravel.gr/index.php/typography/top_10_resorts/304-,/index.php/typography/top_10_resorts/304-,MERGE+301,/air-tickets/,Article 'ΘΕΣΣΑΛΟΝΙΚΗ - ΧΑΝΙΑ' merged into its cluster hub,high
http://kotsistravel.gr/index.php/typography/top_10_resorts/302-???????_???????????_?????????.html?tmpl=component&print=1,/index.php/component/k2/302-μπλονια_θεσσαλονικη_εισιτηρια.html,410,,Print view of an article; duplicate of the canonical page,high
http://kotsistravel.gr/index.php/typography/top_10_resorts/308-,/index.php/typography/top_10_resorts/308-,MERGE+301,/air-tickets/,Article 'ΠΑΤΡΑ - ΠΑΦΟΣ' merged into its cluster hub,high
http://kotsistravel.gr/index.php/typography/top_10_resorts/308-?????_?????.html?tmpl=component&print=1,/index.php/typography/top_10_resorts/308-?????_?????.html,410,,Print view of an article; duplicate of the canonical page,high
http://kotsistravel.gr/index.php/typography/top_10_resorts/309-aegean_airlines.html?tmpl=component&print=1,/index.php/typography/top_10_resorts/309-aegean_airlines.html,410,,Print view of an article; duplicate of the canonical page,high
http://kotsistravel.gr/index.php/typography/top_10_resorts/308-?????_?????.html,/index.php/typography/top_10_resorts/308-?????_?????.html,MERGE+301,/air-tickets/,Article 'ΠΑΤΡΑ - ΠΑΦΟΣ' merged into its cluster hub,high
http://kotsistravel.gr/index.php/typography/top_10_resorts/309-aegean_airlines.html,/index.php/typography/top_10_resorts/309-aegean_airlines.html,MERGE+301,/air-tickets/airlines/,Article 'Aegean Airlines' merged into its cluster hub,high
http://kotsistravel.gr/index.php/typography/top_10_resorts/311-,/index.php/typography/top_10_resorts/311-,MERGE+301,/air-tickets/,Article 'Βόρεια Αμερική με επιστροφή' merged into its cluster hub,high
http://kotsistravel.gr/index.php/typography/top_10_resorts/311-??????_???????_??_?????????.html?tmpl=component&print=1,/index.php/typography/top_10_resorts/311-??????_???????_??_?????????.html,410,,Print view of an article; duplicate of the canonical page,high
http://kotsistravel.gr/index.php/typography/top_10_resorts/314-??????_???_?????????.html,/index.php/typography/top_10_resorts/314-??????_???_?????????.html,MERGE+301,/holiday-packages/,Article 'Ελλάδα και Εξωτερικο' merged into its cluster hub,high
http://kotsistravel.gr/index.php/typography/top_10_resorts/311-??????_???????_??_?????????.html,/index.php/typography/top_10_resorts/311-??????_???????_??_?????????.html,MERGE+301,/air-tickets/,Article 'Βόρεια Αμερική με επιστροφή' merged into its cluster hub,high
http://kotsistravel.gr/index.php/typography/top_10_resorts/314-,/index.php/typography/top_10_resorts/314-,MERGE+301,/holiday-packages/,Article 'Ελλάδα και Εξωτερικο' merged into its cluster hub,high
http://kotsistravel.gr/index.php/typography/top_10_resorts/314-??????_???_?????????.html?tmpl=component&print=1,/index.php/typography/top_10_resorts/314-??????_???_?????????.html,410,,Print view of an article; duplicate of the canonical page,high
http://kotsistravel.gr/index.php/typography/top_10_resorts/315-aegean.html,/index.php/typography/top_10_resorts/315-aegean.html,MERGE+301,/air-tickets/airlines/,Article 'Aegean' merged into its cluster hub,high
http://kotsistravel.gr/index.php/typography/top_10_resorts/331-??????????_???????_2015.html,/index.php/typography/top_10_resorts/331-??????????_???????_2015.html,MERGE+301,/air-tickets/,Article 'Προορισμοί από Κέρκυρα για το 2015' merged into its cluster hub,high
http://kotsistravel.gr/index.php/typography/top_10_resorts/331-,/index.php/typography/top_10_resorts/331-,MERGE+301,/air-tickets/,Article 'Προορισμοί από Κέρκυρα για το 2015' merged into its cluster hub,high
http://kotsistravel.gr/index.php/typography/top_10_resorts/315-aegean.html?tmpl=component&print=1,/index.php/typography/top_10_resorts/315-aegean.html,410,,Print view of an article; duplicate of the canonical page,high
http://kotsistravel.gr/index.php/typography/top_10_resorts/331-??????????_???????_2015.html?tmpl=component&print=1,/index.php/typography/top_10_resorts/331-??????????_???????_2015.html,410,,Print view of an article; duplicate of the canonical page,high
http://kotsistravel.gr/index.php/typography/top_10_romantic_hotels/235-six_senses_yao_noi.html,/index.php/typography/top_10_romantic_hotels/235-six_senses_yao_noi.html,MERGE+301,/hotels/,Thin 'Top 10 hotels' listicles merged into the hotels hub,high
http://kotsistravel.gr/index.php/typography/top_10_romantic_hotels/236-moorea_pearl_resort_and_spa.html,/index.php/typography/top_10_romantic_hotels/236-moorea_pearl_resort_and_spa.html,MERGE+301,/hotels/,Thin 'Top 10 hotels' listicles merged into the hotels hub,high
http://kotsistravel.gr/index.php/typography/top_10_romantic_hotels.html,/index.php/typography/top_10_romantic_hotels.html,MERGE+301,/hotels/,Thin 'Top 10 hotels' listicles merged into the hotels hub,high
http://kotsistravel.gr/index.php/typography/top_10_romantic_hotels.html?start=9,/index.php/typography/top_10_romantic_hotels.html,301,/hotels/,Paginated category view; folds into its hub,high
http://kotsistravel.gr/index.php/typography/top_10_romantic_hotels/244-astra_suites_??????????_??????.html,/index.php/typography/top_10_romantic_hotels/244-astra_suites_ημεροβιγλι_ελλαδα.html,MERGE+301,/hotels/,Thin 'Top 10 hotels' listicles merged into the hotels hub,high
http://kotsistravel.gr/index.php/typography/top_10_romantic_hotels/245-traube_tonbach_hotel.html,/index.php/typography/top_10_romantic_hotels/245-traube_tonbach_hotel.html,MERGE+301,/hotels/,Thin 'Top 10 hotels' listicles merged into the hotels hub,high
http://kotsistravel.gr/index.php/typography/top_10_romantic_hotels/247-banyan_tree_seychelles.html,/index.php/typography/top_10_romantic_hotels/247-banyan_tree_seychelles.html,MERGE+301,/hotels/,Thin 'Top 10 hotels' listicles merged into the hotels hub,high
http://kotsistravel.gr/index.php/typography/top_10_romantic_hotels/246-villa_marina_capri.html,/index.php/typography/top_10_romantic_hotels/246-villa_marina_capri.html,MERGE+301,/hotels/,Thin 'Top 10 hotels' listicles merged into the hotels hub,high
http://kotsistravel.gr/index.php/typography/top_10_romantic_hotels/248-chateau_saint_martin_spa.html,/index.php/typography/top_10_romantic_hotels/248-chateau_saint_martin_spa.html,MERGE+301,/hotels/,Thin 'Top 10 hotels' listicles merged into the hotels hub,high
http://kotsistravel.gr/index.php/typography/top_10_romantic_hotels/259-lizard_island_resort.html,/index.php/typography/top_10_romantic_hotels/259-lizard_island_resort.html,MERGE+301,/hotels/,Thin 'Top 10 hotels' listicles merged into the hotels hub,high
http://kotsistravel.gr/index.php/typography/top_10_romantic_hotels/300-????_??????????_???????.html,/index.php/component/k2/300-ρωμη_αεροδρομιο_κερκυρα.html,MERGE+301,/air-tickets/airlines/,Article 'ΚΕΡΚΥΡΑ - ΡΩΜΗ ΑΠΟ 65€' merged into its cluster hub,high
http://kotsistravel.gr/index.php/typography/top_10_romantic_hotels/260-barcelo_la_bobadilla.html,/index.php/typography/top_10_romantic_hotels/260-barcelo_la_bobadilla.html,MERGE+301,/hotels/,Thin 'Top 10 hotels' listicles merged into the hotels hub,high
http://kotsistravel.gr/index.php/typography/top_10_romantic_hotels/301-??????-???-???????.html,/index.php/component/k2/301-μιλανο-απο-κερκυρα.html,MERGE+301,/air-tickets/airlines/,Article 'ΜΙΛΑΝΟ ΑΠΟ ΚΕΡΚΥΡΑ' merged into its cluster hub,high
http://kotsistravel.gr/index.php/typography/top_10_romantic_hotels/302-???????_???????????_?????????.html,/index.php/component/k2/302-μπλονια_θεσσαλονικη_εισιτηρια.html,MERGE+301,/air-tickets/airlines/,Article 'ΜΠΟΛΟΝΙΑ ΑΠΟ ΘΕΣΣΑΛΟΝΙΚΗ' merged into its cluster hub,high
http://kotsistravel.gr/index.php/typography/top_10_romantic_hotels/304-???????????_?????.html,/index.php/typography/top_10_romantic_hotels/304-???????????_?????.html,MERGE+301,/air-tickets/,Article 'ΘΕΣΣΑΛΟΝΙΚΗ - ΧΑΝΙΑ' merged into its cluster hub,high
http://kotsistravel.gr/index.php/typography/top_10_romantic_hotels/308-?????_?????.html,/index.php/typography/top_10_romantic_hotels/308-?????_?????.html,MERGE+301,/air-tickets/,Article 'ΠΑΤΡΑ - ΠΑΦΟΣ' merged into its cluster hub,high
http://kotsistravel.gr/index.php/typography/top_10_romantic_hotels/311-??????_???????_??_?????????.html,/index.php/typography/top_10_romantic_hotels/311-??????_???????_??_?????????.html,MERGE+301,/air-tickets/,Article 'Βόρεια Αμερική με επιστροφή' merged into its cluster hub,high
http://kotsistravel.gr/index.php/typography/top_10_romantic_hotels/309-aegean_airlines.html,/index.php/typography/top_10_romantic_hotels/309-aegean_airlines.html,MERGE+301,/air-tickets/airlines/,Article 'Aegean Airlines' merged into its cluster hub,high
http://kotsistravel.gr/index.php/typography/top_10_romantic_hotels/314-??????_???_?????????.html,/index.php/typography/top_10_romantic_hotels/314-??????_???_?????????.html,MERGE+301,/holiday-packages/,Article 'Ελλάδα και Εξωτερικο' merged into its cluster hub,high
http://kotsistravel.gr/index.php/typography/top_10_romantic_hotels/315-aegean.html,/index.php/typography/top_10_romantic_hotels/315-aegean.html,MERGE+301,/air-tickets/airlines/,Article 'Aegean' merged into its cluster hub,high
http://kotsistravel.gr/index.php/typography/top_10_romantic_hotels/331-??????????_???????_2015.html,/index.php/typography/top_10_romantic_hotels/331-??????????_???????_2015.html,MERGE+301,/air-tickets/,Article 'Προορισμοί από Κέρκυρα για το 2015' merged into its cluster hub,high
http://kotsistravel.gr/index.php/typography/top_10_spa_resorts.html,/index.php/typography/top_10_spa_resorts.html,MERGE+301,/hotels/,Thin 'Top 10 hotels' listicles merged into the hotels hub,high
http://kotsistravel.gr/index.php/typography/top_10_spa_resorts.html?start=9,/index.php/typography/top_10_spa_resorts.html,301,/hotels/,Paginated category view; folds into its hub,high
http://kotsistravel.gr/index.php/typography/top_10_spa_resorts/272-ananda_india.html,/index.php/typography/top_10_spa_resorts/272-ananda_india.html,MERGE+301,/hotels/,Thin 'Top 10 hotels' listicles merged into the hotels hub,high
http://kotsistravel.gr/index.php/typography/top_10_spa_resorts/273-longevity_wellness_resort.html,/index.php/typography/top_10_spa_resorts/273-longevity_wellness_resort.html,MERGE+301,/hotels/,Thin 'Top 10 hotels' listicles merged into the hotels hub,high
http://kotsistravel.gr/index.php/typography/top_10_spa_resorts/275-fordoun_south_africa.html,/index.php/typography/top_10_spa_resorts/275-fordoun_south_africa.html,MERGE+301,/hotels/,Thin 'Top 10 hotels' listicles merged into the hotels hub,high
http://kotsistravel.gr/index.php/typography/top_10_spa_resorts/274-six-senses-zighy-bay.html,/index.php/typography/top_10_spa_resorts/274-six-senses-zighy-bay.html,MERGE+301,/hotels/,Thin 'Top 10 hotels' listicles merged into the hotels hub,high
http://kotsistravel.gr/index.php/typography/top_10_spa_resorts/276-kamalaya_thailand.html,/index.php/typography/top_10_spa_resorts/276-kamalaya_thailand.html,MERGE+301,/hotels/,Thin 'Top 10 hotels' listicles merged into the hotels hub,high
http://kotsistravel.gr/index.php/typography/top_10_spa_resorts/277-spa_eastman_canada.html,/index.php/typography/top_10_spa_resorts/277-spa_eastman_canada.html,MERGE+301,/hotels/,Thin 'Top 10 hotels' listicles merged into the hotels hub,high
http://kotsistravel.gr/index.php/typography/top_10_spa_resorts/278-transformational_retreats.html,/index.php/typography/top_10_spa_resorts/278-transformational_retreats.html,MERGE+301,/hotels/,Thin 'Top 10 hotels' listicles merged into the hotels hub,high
http://kotsistravel.gr/index.php/typography/top_10_spa_resorts/301-??????-???-???????.html,/index.php/component/k2/301-μιλανο-απο-κερκυρα.html,MERGE+301,/air-tickets/airlines/,Article 'ΜΙΛΑΝΟ ΑΠΟ ΚΕΡΚΥΡΑ' merged into its cluster hub,high
http://kotsistravel.gr/index.php/typography/top_10_spa_resorts/279-gaia_retreat_and_spa.html,/index.php/typography/top_10_spa_resorts/279-gaia_retreat_and_spa.html,MERGE+301,/hotels/,Thin 'Top 10 hotels' listicles merged into the hotels hub,high
http://kotsistravel.gr/index.php/typography/top_10_spa_resorts/300-????_??????????_???????.html,/index.php/component/k2/300-ρωμη_αεροδρομιο_κερκυρα.html,MERGE+301,/air-tickets/airlines/,Article 'ΚΕΡΚΥΡΑ - ΡΩΜΗ ΑΠΟ 65€' merged into its cluster hub,high
http://kotsistravel.gr/index.php/typography/top_10_spa_resorts/280-amangiri_usa.html,/index.php/typography/top_10_spa_resorts/280-amangiri_usa.html,MERGE+301,/hotels/,Thin 'Top 10 hotels' listicles merged into the hotels hub,high
http://kotsistravel.gr/index.php/typography/top_10_spa_resorts/302-???????_???????????_?????????.html,/index.php/component/k2/302-μπλονια_θεσσαλονικη_εισιτηρια.html,MERGE+301,/air-tickets/airlines/,Article 'ΜΠΟΛΟΝΙΑ ΑΠΟ ΘΕΣΣΑΛΟΝΙΚΗ' merged into its cluster hub,high
http://kotsistravel.gr/index.php/typography/top_10_spa_resorts/309-aegean_airlines.html,/index.php/typography/top_10_spa_resorts/309-aegean_airlines.html,MERGE+301,/air-tickets/airlines/,Article 'Aegean Airlines' merged into its cluster hub,high
http://kotsistravel.gr/index.php/typography/top_10_spa_resorts/308-?????_?????.html,/index.php/typography/top_10_spa_resorts/308-?????_?????.html,MERGE+301,/air-tickets/,Article 'ΠΑΤΡΑ - ΠΑΦΟΣ' merged into its cluster hub,high
http://kotsistravel.gr/index.php/typography/top_10_spa_resorts/311-??????_???????_??_?????????.html,/index.php/typography/top_10_spa_resorts/311-??????_???????_??_?????????.html,MERGE+301,/air-tickets/,Article 'Βόρεια Αμερική με επιστροφή' merged into its cluster hub,high
http://kotsistravel.gr/index.php/typography/top_10_spa_resorts/304-???????????_?????.html,/index.php/typography/top_10_spa_resorts/304-???????????_?????.html,MERGE+301,/air-tickets/,Article 'ΘΕΣΣΑΛΟΝΙΚΗ - ΧΑΝΙΑ' merged into its cluster hub,high
http://kotsistravel.gr/index.php/typography/top_10_spa_resorts/314-??????_???_?????????.html,/index.php/typography/top_10_spa_resorts/314-??????_???_?????????.html,MERGE+301,/holiday-packages/,Article 'Ελλάδα και Εξωτερικο' merged into its cluster hub,high
http://kotsistravel.gr/index.php/typography/top_10_weird_hotels.html,/index.php/typography/top_10_weird_hotels.html,MERGE+301,/hotels/,Thin 'Top 10 hotels' listicles merged into the hotels hub,high
http://kotsistravel.gr/index.php/typography/top_10_spa_resorts/331-??????????_???????_2015.html,/index.php/typography/top_10_spa_resorts/331-??????????_???????_2015.html,MERGE+301,/air-tickets/,Article 'Προορισμοί από Κέρκυρα για το 2015' merged into its cluster hub,high
http://kotsistravel.gr/index.php/typography/top_10_spa_resorts/315-aegean.html,/index.php/typography/top_10_spa_resorts/315-aegean.html,MERGE+301,/air-tickets/airlines/,Article 'Aegean' merged into its cluster hub,high
http://kotsistravel.gr/index.php/typography/top_10_weird_hotels.html?start=9,/index.php/typography/top_10_weird_hotels.html,301,/hotels/,Paginated category view; folds into its hub,high
http://kotsistravel.gr/index.php/typography/top_10_weird_hotels/250-jumbo_stay_hotel_???????.html,/index.php/typography/top_10_weird_hotels/250-jumbo_stay_hotel_σουηδια.html,MERGE+301,/hotels/,Thin 'Top 10 hotels' listicles merged into the hotels hub,high
http://kotsistravel.gr/index.php/typography/top_10_weird_hotels/254-the_queen-mary_??????????_?-?-?.html,/index.php/typography/top_10_weird_hotels/254-the_queen-mary_καλιφόρνια_η-π-α.html,MERGE+301,/hotels/,Thin 'Top 10 hotels' listicles merged into the hotels hub,high
http://kotsistravel.gr/index.php/typography/top_10_weird_hotels/251-crowne_plaza_indianapolis_downtown_union_station.html,/index.php/typography/top_10_weird_hotels/251-crowne_plaza_indianapolis_downtown_union_station.html,MERGE+301,/hotels/,Thin 'Top 10 hotels' listicles merged into the hotels hub,high
http://kotsistravel.gr/index.php/typography/top_10_weird_hotels/252-igloo_village_kakslauttanen_lapland_?????????.html,/index.php/typography/top_10_weird_hotels/252-igloo_village_kakslauttanen_lapland_φινλανδια.html,MERGE+301,/hotels/,Thin 'Top 10 hotels' listicles merged into the hotels hub,high
http://kotsistravel.gr/index.php/typography/top_10_weird_hotels/253-??????????_martins_patershof_mechelen_??????.html,/index.php/typography/top_10_weird_hotels/253-ξενοδοχειο_martins_patershof_mechelen_βελγιο.html,MERGE+301,/hotels/,Thin 'Top 10 hotels' listicles merged into the hotels hub,high
http://kotsistravel.gr/index.php/typography/top_10_weird_hotels/255-cappadocia_cave_suites_goreme_???????.html,/index.php/typography/top_10_weird_hotels/255-cappadocia_cave_suites_goreme_τουρκία.html,MERGE+301,/hotels/,Thin 'Top 10 hotels' listicles merged into the hotels hub,high
http://kotsistravel.gr/index.php/typography/top_10_weird_hotels/258-??????????_ariau_amazon_towers_????????.html,/index.php/typography/top_10_weird_hotels/258-ξενοδοχειο_ariau_amazon_towers_βραζιλια.html,MERGE+301,/hotels/,Thin 'Top 10 hotels' listicles merged into the hotels hub,high
http://kotsistravel.gr/index.php/typography/top_10_weird_hotels/300-????_??????????_???????.html,/index.php/component/k2/300-ρωμη_αεροδρομιο_κερκυρα.html,MERGE+301,/air-tickets/airlines/,Article 'ΚΕΡΚΥΡΑ - ΡΩΜΗ ΑΠΟ 65€' merged into its cluster hub,high
http://kotsistravel.gr/index.php/typography/top_10_weird_hotels/257-??????????_quinta_real_zacatecas_??????.html,/index.php/typography/top_10_weird_hotels/257-ξενοδοχειο_quinta_real_zacatecas_μεξικο.html,MERGE+301,/hotels/,Thin 'Top 10 hotels' listicles merged into the hotels hub,high
http://kotsistravel.gr/index.php/typography/top_10_weird_hotels/256-??????????_luna_salada_uyuni_???????.html,/index.php/typography/top_10_weird_hotels/256-ξενοδοχειο_luna_salada_uyuni_βολιβια.html,MERGE+301,/hotels/,Thin 'Top 10 hotels' listicles merged into the hotels hub,high
http://kotsistravel.gr/index.php/typography/top_10_weird_hotels/301-??????-???-???????.html,/index.php/component/k2/301-μιλανο-απο-κερκυρα.html,MERGE+301,/air-tickets/airlines/,Article 'ΜΙΛΑΝΟ ΑΠΟ ΚΕΡΚΥΡΑ' merged into its cluster hub,high
http://kotsistravel.gr/index.php/typography/top_10_weird_hotels/302-???????_???????????_?????????.html,/index.php/component/k2/302-μπλονια_θεσσαλονικη_εισιτηρια.html,MERGE+301,/air-tickets/airlines/,Article 'ΜΠΟΛΟΝΙΑ ΑΠΟ ΘΕΣΣΑΛΟΝΙΚΗ' merged into its cluster hub,high
http://kotsistravel.gr/index.php/typography/top_10_weird_hotels/308-?????_?????.html,/index.php/typography/top_10_weird_hotels/308-?????_?????.html,MERGE+301,/air-tickets/,Article 'ΠΑΤΡΑ - ΠΑΦΟΣ' merged into its cluster hub,high
http://kotsistravel.gr/index.php/typography/top_10_weird_hotels/309-aegean_airlines.html,/index.php/typography/top_10_weird_hotels/309-aegean_airlines.html,MERGE+301,/air-tickets/airlines/,Article 'Aegean Airlines' merged into its cluster hub,high
http://kotsistravel.gr/index.php/typography/top_10_weird_hotels/304-???????????_?????.html,/index.php/typography/top_10_weird_hotels/304-???????????_?????.html,MERGE+301,/air-tickets/,Article 'ΘΕΣΣΑΛΟΝΙΚΗ - ΧΑΝΙΑ' merged into its cluster hub,high
http://kotsistravel.gr/index.php/typography/top_10_weird_hotels/311-??????_???????_??_?????????.html,/index.php/typography/top_10_weird_hotels/311-??????_???????_??_?????????.html,MERGE+301,/air-tickets/,Article 'Βόρεια Αμερική με επιστροφή' merged into its cluster hub,high
http://kotsistravel.gr/index.php/typography/top_10_weird_hotels/314-??????_???_?????????.html,/index.php/typography/top_10_weird_hotels/314-??????_???_?????????.html,MERGE+301,/holiday-packages/,Article 'Ελλάδα και Εξωτερικο' merged into its cluster hub,high
http://kotsistravel.gr/index.php/typography/top_10_weird_hotels/331-??????????_???????_2015.html,/index.php/typography/top_10_weird_hotels/331-??????????_???????_2015.html,MERGE+301,/air-tickets/,Article 'Προορισμοί από Κέρκυρα για το 2015' merged into its cluster hub,high
http://kotsistravel.gr/index.php/typography/top_city_hotels.html,/index.php/typography/top_city_hotels.html,MERGE+301,/hotels/,Thin 'Top 10 hotels' listicles merged into the hotels hub,high
http://kotsistravel.gr/index.php/typography/top_10_weird_hotels/315-aegean.html,/index.php/typography/top_10_weird_hotels/315-aegean.html,MERGE+301,/air-tickets/airlines/,Article 'Aegean' merged into its cluster hub,high
http://kotsistravel.gr/index.php/typography/top_city_hotels.html?tmpl=component&print=1,/index.php/typography/top_city_hotels.html,410,,Print view of an article; duplicate of the canonical page,high
http://kotsistravel.gr/index.php/typography/top_city_hotels/300-????_??????????_???????.html,/index.php/component/k2/300-ρωμη_αεροδρομιο_κερκυρα.html,MERGE+301,/air-tickets/airlines/,Article 'ΚΕΡΚΥΡΑ - ΡΩΜΗ ΑΠΟ 65€' merged into its cluster hub,high
http://kotsistravel.gr/index.php/typography/top_city_hotels/300-,/index.php/typography/top_city_hotels/300-,MERGE+301,/air-tickets/airlines/,Article 'ΚΕΡΚΥΡΑ - ΡΩΜΗ ΑΠΟ 65€' merged into its cluster hub,high
http://kotsistravel.gr/index.php/typography/top_city_hotels/300-????_??????????_???????.html?tmpl=component&print=1,/index.php/component/k2/300-ρωμη_αεροδρομιο_κερκυρα.html,410,,Print view of an article; duplicate of the canonical page,high
http://kotsistravel.gr/index.php/typography/top_city_hotels/299-aegean_airlines.html,/index.php/typography/top_city_hotels/299-aegean_airlines.html,MERGE+301,/air-tickets/airlines/,Article 'AEGEAN AIRLINES' merged into its cluster hub,high
http://kotsistravel.gr/index.php/typography/top_city_hotels/301-,/index.php/typography/top_city_hotels/301-,MERGE+301,/air-tickets/airlines/,Article 'ΜΙΛΑΝΟ ΑΠΟ ΚΕΡΚΥΡΑ' merged into its cluster hub,high
http://kotsistravel.gr/index.php/typography/top_city_hotels/301-??????-???-???????.html,/index.php/component/k2/301-μιλανο-απο-κερκυρα.html,MERGE+301,/air-tickets/airlines/,Article 'ΜΙΛΑΝΟ ΑΠΟ ΚΕΡΚΥΡΑ' merged into its cluster hub,high
http://kotsistravel.gr/index.php/typography/top_city_hotels/301-??????-???-???????.html?tmpl=component&print=1,/index.php/component/k2/301-μιλανο-απο-κερκυρα.html,410,,Print view of an article; duplicate of the canonical page,high
http://kotsistravel.gr/index.php/typography/top_city_hotels/302-,/index.php/typography/top_city_hotels/302-,MERGE+301,/air-tickets/airlines/,Article 'ΜΠΟΛΟΝΙΑ ΑΠΟ ΘΕΣΣΑΛΟΝΙΚΗ' merged into its cluster hub,high
http://kotsistravel.gr/index.php/typography/top_city_hotels/302-???????_???????????_?????????.html,/index.php/component/k2/302-μπλονια_θεσσαλονικη_εισιτηρια.html,MERGE+301,/air-tickets/airlines/,Article 'ΜΠΟΛΟΝΙΑ ΑΠΟ ΘΕΣΣΑΛΟΝΙΚΗ' merged into its cluster hub,high
http://kotsistravel.gr/index.php/typography/top_city_hotels/302-???????_???????????_?????????.html?tmpl=component&print=1,/index.php/component/k2/302-μπλονια_θεσσαλονικη_εισιτηρια.html,410,,Print view of an article; duplicate of the canonical page,high
http://kotsistravel.gr/index.php/typography/top_city_hotels/304-,/index.php/typography/top_city_hotels/304-,MERGE+301,/air-tickets/,Article 'ΘΕΣΣΑΛΟΝΙΚΗ - ΧΑΝΙΑ' merged into its cluster hub,high
http://kotsistravel.gr/index.php/typography/top_city_hotels/308-,/index.php/typography/top_city_hotels/308-,MERGE+301,/air-tickets/,Article 'ΠΑΤΡΑ - ΠΑΦΟΣ' merged into its cluster hub,high
http://kotsistravel.gr/index.php/typography/top_city_hotels/304-???????????_?????.html?tmpl=component&print=1,/index.php/typography/top_city_hotels/304-???????????_?????.html,410,,Print view of an article; duplicate of the canonical page,high
http://kotsistravel.gr/index.php/typography/top_city_hotels/304-???????????_?????.html,/index.php/typography/top_city_hotels/304-???????????_?????.html,MERGE+301,/air-tickets/,Article 'ΘΕΣΣΑΛΟΝΙΚΗ - ΧΑΝΙΑ' merged into its cluster hub,high
http://kotsistravel.gr/index.php/typography/top_city_hotels/308-?????_?????.html,/index.php/typography/top_city_hotels/308-?????_?????.html,MERGE+301,/air-tickets/,Article 'ΠΑΤΡΑ - ΠΑΦΟΣ' merged into its cluster hub,high
http://kotsistravel.gr/index.php/typography/top_city_hotels/308-?????_?????.html?tmpl=component&print=1,/index.php/typography/top_city_hotels/308-?????_?????.html,410,,Print view of an article; duplicate of the canonical page,high
http://kotsistravel.gr/index.php/typography/top_city_hotels/311-,/index.php/typography/top_city_hotels/311-,MERGE+301,/air-tickets/,Article 'Βόρεια Αμερική με επιστροφή' merged into its cluster hub,high
http://kotsistravel.gr/index.php/typography/top_city_hotels/309-aegean_airlines.html?tmpl=component&print=1,/index.php/typography/top_city_hotels/309-aegean_airlines.html,410,,Print view of an article; duplicate of the canonical page,high
http://kotsistravel.gr/index.php/typography/top_city_hotels/309-aegean_airlines.html,/index.php/typography/top_city_hotels/309-aegean_airlines.html,MERGE+301,/air-tickets/airlines/,Article 'Aegean Airlines' merged into its cluster hub,high
http://kotsistravel.gr/index.php/typography/top_city_hotels/311-??????_???????_??_?????????.html,/index.php/typography/top_city_hotels/311-??????_???????_??_?????????.html,MERGE+301,/air-tickets/,Article 'Βόρεια Αμερική με επιστροφή' merged into its cluster hub,high
http://kotsistravel.gr/index.php/typography/top_city_hotels/311-??????_???????_??_?????????.html?tmpl=component&print=1,/index.php/typography/top_city_hotels/311-??????_???????_??_?????????.html,410,,Print view of an article; duplicate of the canonical page,high
http://kotsistravel.gr/index.php/typography/top_city_hotels/314-??????_???_?????????.html?tmpl=component&print=1,/index.php/typography/top_city_hotels/314-??????_???_?????????.html,410,,Print view of an article; duplicate of the canonical page,high
http://kotsistravel.gr/index.php/typography/top_city_hotels/314-,/index.php/typography/top_city_hotels/314-,MERGE+301,/holiday-packages/,Article 'Ελλάδα και Εξωτερικο' merged into its cluster hub,high
http://kotsistravel.gr/index.php/typography/top_city_hotels/314-??????_???_?????????.html,/index.php/typography/top_city_hotels/314-??????_???_?????????.html,MERGE+301,/holiday-packages/,Article 'Ελλάδα και Εξωτερικο' merged into its cluster hub,high
http://kotsistravel.gr/index.php/typography/top_city_hotels/315-aegean.html,/index.php/typography/top_city_hotels/315-aegean.html,MERGE+301,/air-tickets/airlines/,Article 'Aegean' merged into its cluster hub,high
http://kotsistravel.gr/index.php/typography/top_city_hotels/331-??????????_???????_2015.html,/index.php/typography/top_city_hotels/331-??????????_???????_2015.html,MERGE+301,/air-tickets/,Article 'Προορισμοί από Κέρκυρα για το 2015' merged into its cluster hub,high
http://kotsistravel.gr/index.php/typography/top_city_hotels/331-??????????_???????_2015.html?tmpl=component&print=1,/index.php/typography/top_city_hotels/331-??????????_???????_2015.html,410,,Print view of an article; duplicate of the canonical page,high
http://kotsistravel.gr/index.php/typography/top_city_hotels/315-aegean.html?tmpl=component&print=1,/index.php/typography/top_city_hotels/315-aegean.html,410,,Print view of an article; duplicate of the canonical page,high
http://kotsistravel.gr/index.php/typography/top_city_hotels/331-,/index.php/typography/top_city_hotels/331-,MERGE+301,/air-tickets/,Article 'Προορισμοί από Κέρκυρα για το 2015' merged into its cluster hub,high
http://kotsistravel.gr/index.php/useful-links.html,/index.php/useful-links.html,410,,Outbound link dump; no value,high
http://kotsistravel.gr/index.php?option=com_users&view=login,/index.php,410,,Account/login endpoint; not part of the new site,high
http://kotsistravel.gr/index.php/useful-links.html?tmpl=component&print=1&page=,/index.php/useful-links.html,410,,Print view of an article; duplicate of the canonical page,high
http://www.kotsistravel.gr/index.php/menu-types/low_cost_flights/156-astra_airlines.html,/index.php/menu-types/low_cost_flights/156-astra_airlines.html,MERGE+301,/air-tickets/airlines/,Article 'Astra Airlines' merged into its cluster hub,high
http://www.kotsistravel.gr/index.php/menu-types/low_cost_flights/158-olympic_air.html,/index.php/menu-types/low_cost_flights/158-olympic_air.html,MERGE+301,/air-tickets/airlines/,Article 'Olympic Air' merged into its cluster hub,high
http://www.kotsistravel.gr/index.php/menu-types/low_cost_flights/155-air_berlin.html,/index.php/menu-types/low_cost_flights/155-air_berlin.html,MERGE+301,/air-tickets/airlines/,Article 'Air Berlin' merged into its cluster hub,high
http://www.kotsistravel.gr/index.php/menu-types/low_cost_flights/157-easyjet.html,/index.php/menu-types/low_cost_flights/157-easyjet.html,MERGE+301,/air-tickets/airlines/,Article 'EasyJet' merged into its cluster hub,high
http://www.kotsistravel.gr/index.php/menu-types/low_cost_flights/154-aegean_airlines.html,/index.php/menu-types/low_cost_flights/154-aegean_airlines.html,MERGE+301,/air-tickets/airlines/,Article 'Aegean Airlines' merged into its cluster hub,high
http://www.kotsistravel.gr/index.php/menu-types/low_cost_flights/159-ryanair.html,/index.php/menu-types/low_cost_flights/159-ryanair.html,MERGE+301,/air-tickets/airlines/,Article 'RyanAir' merged into its cluster hub,high
http://www.kotsistravel.gr/index.php/menu-types/low_cost_flights/160-sky_express.html,/index.php/menu-types/low_cost_flights/160-sky_express.html,MERGE+301,/air-tickets/airlines/,Article 'Sky Express' merged into its cluster hub,high
http://www.kotsistravel.gr/index.php/menu-types/low_cost_flights/161-tuifly.html,/index.php/menu-types/low_cost_flights/161-tuifly.html,MERGE+301,/air-tickets/airlines/,Article 'TUIFly' merged into its cluster hub,high
https://www.attractacdn.com/sitemap/3060117.xml.gz,/sitemap/3060117.xml.gz,410,,"No content, no replacement, no known equity",low
https://www.attractacdn.com/sitemap/3060117/0.xml.gz,/sitemap/3060117/0.xml.gz,410,,"No content, no replacement, no known equity",low
